user_id,num_review,num_reviewed_business,date_first,date_last,date_avg,num_avg_review,var_review_date,avg_review_star,frequent_star,range_star,var_star,avg_star_subtract_busi_star,avg_words_of_review
Qh5A5NlP4UVvddSasOYR4A,2,2,2010,2010,2010,2.0,0.0,5.0,5,0,0.0,0,65.5
o9sAqYMC7vr2uzakjbYLfg,5,5,2013,2014,2013,2.5,1.0,4.2,5,4,12.8,0,96.0
SGV3RcLpE5i5pWGmABZXOw,4,4,2015,2015,2015,4.0,0.0,4.0,5,4,12.0,0,62.375
dEWSvpwZVojj60B10-i_eA,2,2,2015,2015,2015,2.0,0.0,4.0,4,0,0.0,0,36.0
8J8E1srQFZBV1TvGtubORw,1,1,2015,2015,2015,1.0,0.0,5.0,5,0,0.0,0,42
tP5PcqDkiSaq40i4SDFWsg,4,4,2015,2015,2015,4.0,0.0,4.0,4,2,2.0,0,117.25
_s6X07-_FMB0bgPbXya7PQ,1,1,2015,2015,2015,1.0,0.0,5.0,5,0,0.0,0,44
TvZkQUkNk-KBbrr6mpmWsA,3,3,2014,2015,2014,1.5,2.0,2.33333333333,1,3,4.66666666667,0,255.5
Ca7_5ic85ja1qkY5HE7NoA,3,3,2014,2015,2014,1.5,1.0,4.0,3,2,2.0,0,147.5
0orOYPUZe-qBINFe4y1TWA,2,2,2015,2015,2015,2.0,0.0,4.5,4,1,0.5,0,81.0
mq425zE6VvP70FnMm1afnw,5,5,2013,2015,2014,1.66666666667,3.0,3.4,5,4,13.2,0,72.875
odWy8hXgBLLqk57paHUjSA,1,1,2015,2015,2015,1.0,0.0,5.0,5,0,0.0,0,64
nB8jGRnXcRLt-s9UdT_PhQ,1,1,2013,2013,2013,1.0,0.0,5.0,5,0,0.0,0,85
cmmLV9IweXY5vr88ZXVQkQ,2,2,2015,2015,2015,2.0,0.0,4.5,4,1,0.5,0,34.5
3d2VY6HzbBEcgwq65GfcdQ,1,1,2010,2010,2010,1.0,0.0,4.0,4,0,0.0,0,55
K567wHNHUpDNPyI5jQvbhQ,7,7,2012,2014,2013,2.33333333333,6.0,3.14285714286,1,4,24.8571428571,0,127.859375
OQzljIBI2mtwlcr0KaiKrw,1,1,2015,2015,2015,1.0,0.0,4.0,4,0,0.0,0,129
beBq8rUB10h_8H-XgC0GOQ,3,3,2014,2015,2014,1.5,2.0,3.33333333333,1,4,8.66666666667,0,162.0
hGS8BOAsmcMiBSgHwWYq-w,4,4,2015,2015,2015,4.0,0.0,3.5,5,4,11.0,0,46.0
WAk-Z4mEn-Mla7iQaNfLKg,1,1,2015,2015,2015,1.0,0.0,5.0,5,0,0.0,0,17
i0drKOIe_Qh-RgF-T9_agg,1,1,2011,2011,2011,1.0,0.0,3.0,3,0,0.0,0,243
O4C_qLuxJL_XiB8AeJ5fEA,1,1,2014,2014,2014,1.0,0.0,5.0,5,0,0.0,0,120
NdHppHlnbZ2ATXJXvIQRTA,1,1,2014,2014,2014,1.0,0.0,5.0,5,0,0.0,0,79
KGzkjtJrHZc7jjHhigZjzg,3,3,2015,2015,2015,3.0,0.0,2.33333333333,1,4,10.6666666667,0,95.0
h_Eo3OBpDNE8iMq0GUqCUQ,2,2,2014,2014,2014,2.0,0.0,2.5,2,1,0.5,0,29.0
2jZ9ABA3_YtzlVfDjxchtw,2,2,2012,2012,2012,2.0,0.0,2.5,1,3,4.5,0,411.0
Ypmb_v4V4GnIonOHv-bOMg,8,8,2012,2015,2014,2.0,11.0,3.875,5,4,14.875,0,146.203125
BgU3qqt-891kxh4NZ0ck3g,5,5,2012,2014,2012,1.66666666667,5.0,4.2,5,4,12.8,0,52.625
UuV4f20TMLIORUcu88eQSw,1,1,2011,2011,2011,1.0,0.0,4.0,4,0,0.0,0,69
ANPKp70hRcPTHJQpmRb3Mw,2,2,2015,2015,2015,2.0,0.0,4.0,3,2,2.0,0,140.0
616rMnJPxL2WFWfLMk44eg,1,1,2015,2015,2015,1.0,0.0,5.0,5,0,0.0,0,241
_Ik79FJvDRklDjk2gY7FjQ,1,1,2015,2015,2015,1.0,0.0,5.0,5,0,0.0,0,64
HHZIIkdCFnS_0Oo8IE4RCQ,1,1,2014,2014,2014,1.0,0.0,5.0,5,0,0.0,0,31
B1kUxAfIAUDpn6ABRcsqKg,15,15,2013,2013,2013,15.0,0.0,3.73333333333,3,4,16.9333333333,0,67.2866210938
AOMCATfCIqpWe5AjjOsgBw,1,1,2015,2015,2015,1.0,0.0,4.0,4,0,0.0,0,8
QLxlP_por5ooiSGE43cvpQ,4,4,2015,2015,2015,4.0,0.0,3.75,4,3,4.75,0,80.625
7NSUuh4ahaZtL-zW4MJxUg,2,2,2014,2014,2014,2.0,0.0,3.5,2,3,4.5,0,280.0
z5RVjS_ammYvmYw3L7Aeig,2,2,2015,2015,2015,2.0,0.0,3.0,1,4,8.0,0,59.5
98GcVoVB3hIA2mKL-ctAhQ,1,1,2015,2015,2015,1.0,0.0,2.0,2,0,0.0,0,71
4VL4atzX4gUiOF45uuPydA,5,5,2013,2015,2013,1.66666666667,4.0,1.8,1,2,2.8,0,185.0625
vUUX8GGbqzwvdR0EuwQ9ug,7,7,2010,2014,2011,1.4,11.0,3.85714285714,4,2,2.85714285714,0,397.34375
zn9bOAiqawLm5zqWwKHupg,2,2,2015,2015,2015,2.0,0.0,3.5,3,1,0.5,0,51.0
q2W99sYSvk1xyoAQzBTvvQ,5,5,2013,2014,2013,2.5,2.0,3.2,4,4,10.8,0,64.8125
vg76can0fkN_r_FvharTFQ,2,2,2014,2014,2014,2.0,0.0,4.0,4,0,0.0,0,23.0
gbAhKi-xIqSrP7qWdmu5Yw,1,1,2015,2015,2015,1.0,0.0,5.0,5,0,0.0,0,5
mDpkdQgYKRz8e2spEdHV_w,1,1,2012,2012,2012,1.0,0.0,5.0,5,0,0.0,0,116
bIzYS_Ces4_cs5Ub8VnU6w,2,2,2015,2015,2015,2.0,0.0,5.0,5,0,0.0,0,109.0
ZYozfz8ccYdiBqxK4VISVg,1,1,2012,2012,2012,1.0,0.0,3.0,3,0,0.0,0,139
KGXSvSNHQ7v8AZ6wvx4p8g,3,3,2015,2015,2015,3.0,0.0,5.0,5,0,0.0,0,67.75
x0VrFb_M48CvQvF3GAjjGQ,2,2,2014,2015,2014,1.0,1.0,5.0,5,0,0.0,0,45.0
ukoOcheuNKav7PEiqEp7Lg,2,2,2014,2015,2014,1.0,1.0,3.0,1,4,8.0,0,68.5
8IsDUZqYHaI5ie7iVGPZvQ,1,1,2015,2015,2015,1.0,0.0,5.0,5,0,0.0,0,53
qR_54kfg0uucaTYz93Q0jg,2,2,2013,2014,2013,1.0,1.0,3.5,2,3,4.5,0,90.5
7r2AwTXLd4v43AsqDJ-LVw,6,6,2015,2015,2015,6.0,0.0,3.5,2,3,9.5,0,116.0
tBbh-ujHmeGJy8jxAl-ebg,32,32,2013,2015,2014,10.6666666667,16.0,3.6875,5,4,58.875,0,281.620058652
I33zrg_3-FwG5FiO3x4vAw,1,1,2015,2015,2015,1.0,0.0,2.0,2,0,0.0,0,45
V8g40uilSXRegraDZ3OBCQ,2,2,2015,2015,2015,2.0,0.0,4.5,4,1,0.5,0,69.0
oZSp2uKrog-t2dDZh1h-hQ,8,8,2014,2014,2014,8.0,0.0,4.125,4,2,4.875,0,34.34375
ZrgoyNBElvOn_2GRZOL0SA,3,3,2010,2011,2010,1.5,2.0,4.33333333333,4,1,0.666666666667,0,58.0
BvvsWwGkWVIjbzcajuo98g,1,1,2015,2015,2015,1.0,0.0,1.0,1,0,0.0,0,67
JqJW2MDtzOa-tQ9m9TzOLQ,1,1,2013,2013,2013,1.0,0.0,5.0,5,0,0.0,0,68
oxXOvyCi5122MyhUOgbUcw,2,2,2015,2015,2015,2.0,0.0,5.0,5,0,0.0,0,25.5
dYC4SlOLZWFHdUdW1do9qA,2,2,2013,2015,2014,0.666666666667,2.0,5.0,5,0,0.0,0,122.5
VdscfoPphQmwctW8XqzTOw,1,1,2013,2013,2013,1.0,0.0,1.0,1,0,0.0,0,197
a7XE03HTLqaWYUhewb6xJA,8,8,2010,2015,2013,1.33333333333,37.0,3.375,4,4,17.875,0,48.7734375
o-Iibv8K6hdoTh_y3I3WsA,1,1,2012,2012,2012,1.0,0.0,1.0,1,0,0.0,0,195
wHB52b5eg8WKFIleT61BuA,10,10,2008,2013,2008,1.66666666667,28.0,4.9,5,1,0.9,0,75.060546875
7WIOdwzL2Yo6oLRBTh7MLg,4,4,2007,2008,2007,2.0,1.0,3.5,2,3,9.0,0,138.5
YTw0hz4Y9z29xtd4axMcNQ,21,21,2009,2012,2010,5.25,28.0,3.28571428571,4,4,20.2857142857,0,100.696066856
7otjzoxDfMiekGrpuW8iPQ,1,1,2013,2013,2013,1.0,0.0,4.0,4,0,0.0,0,116
sHQwGd4vLjvld0OQ5Dvv9g,1,1,2015,2015,2015,1.0,0.0,5.0,5,0,0.0,0,37
Gpw-9DvLekQgKqaVw6ttYg,5,5,2012,2014,2013,1.66666666667,3.0,4.0,5,4,12.0,0,205.75
05gEHmk3XZy4F48xu71D_w,2,2,2014,2014,2014,2.0,0.0,2.5,1,3,4.5,0,258.0
yDRaKzNCQs534yOK2lo0fA,2,2,2015,2015,2015,2.0,0.0,3.5,2,3,4.5,0,35.0
bHxKVGf_8z9fwvbbYJsKFw,2,2,2012,2013,2012,1.0,1.0,5.0,5,0,0.0,0,13.0
a9m5HPodNsrUjvvx1xXVRQ,1,1,2015,2015,2015,1.0,0.0,4.0,4,0,0.0,0,28
gnQheggQ1Tx7XBIomSyy1w,2,2,2014,2014,2014,2.0,0.0,2.5,1,3,4.5,0,76.0
rhTjCpvJkD4VS3VymCQEIw,2,2,2015,2015,2015,2.0,0.0,4.0,4,0,0.0,0,85.0
J4SRgHqZb8ZrjYyplF76nw,2,2,2015,2015,2015,2.0,0.0,5.0,5,0,0.0,0,22.0
OEhjgviQHgwDqsQnCwiIbw,3,3,2011,2013,2011,1.0,4.0,3.66666666667,4,1,0.666666666667,0,41.0
lavllgTOG1BcW_JrT7Gm0w,7,7,2006,2006,2006,7.0,0.0,3.14285714286,3,4,10.8571428571,0,137.15625
5mYlHeh7jCXH_B5xB7f-AQ,7,7,2014,2015,2014,3.5,6.0,5.0,5,0,0.0,0,26.390625
PYBHMq76IMJ_DRqw7er_6w,12,12,2015,2015,2015,12.0,0.0,4.0,4,3,10.0,0,94.6845703125
Qr-30IiNg3NQX8m_I7lTKw,8,8,2010,2011,2010,4.0,2.0,4.0,3,2,6.0,0,32.5
wE36iYIeovzZCG75Wk1Kug,3,3,2014,2014,2014,3.0,0.0,2.33333333333,1,4,10.6666666667,0,149.0
LLZnZ_TOKpZNs7ZDkeWWLg,1,1,2013,2013,2013,1.0,0.0,2.0,2,0,0.0,0,301
6em4F7rDP7inC44HBZAQ3g,1,1,2014,2014,2014,1.0,0.0,5.0,5,0,0.0,0,90
k3rOs87n-g2hrEVhzDB0hA,1,1,2014,2014,2014,1.0,0.0,4.0,4,0,0.0,0,28
WKKF2BFwfD45iQyHc5zAbg,2,2,2010,2010,2010,2.0,0.0,4.0,4,0,0.0,0,49.0
5Z6fEWQsZhE5VL3kBPO5Bg,1,1,2010,2010,2010,1.0,0.0,5.0,5,0,0.0,0,97
DiY9pvQpXeFtRtPt6LjvHQ,1,1,2012,2012,2012,1.0,0.0,5.0,5,0,0.0,0,82
G0_L_rDgmYyLH2RHbgusFw,5,5,2012,2014,2013,1.66666666667,2.0,3.8,5,4,12.8,0,137.6875
e13DDDZe4S_QSX5QJciUlw,1,1,2014,2014,2014,1.0,0.0,2.0,2,0,0.0,0,77
d_LUFsmLBC5d3O8NvglKrw,4,4,2015,2015,2015,4.0,0.0,5.0,5,0,0.0,0,33.0
J2wrbrBws6WiePLEUeX3gA,1,1,2015,2015,2015,1.0,0.0,1.0,1,0,0.0,0,232
6fTgtjdVBPlxMVWHMFHEdQ,3,3,2014,2015,2014,1.5,2.0,3.66666666667,2,3,4.66666666667,0,62.25
KK-Na2QbI7d1oYgkXV2BcA,1,1,2015,2015,2015,1.0,0.0,5.0,5,0,0.0,0,71
06kadzVdjfQpr3UoqBvjrw,1,1,2015,2015,2015,1.0,0.0,1.0,1,0,0.0,0,166
Tl5Azq4MMZSFLbN21NIjEQ,1,1,2015,2015,2015,1.0,0.0,5.0,5,0,0.0,0,23
JSgBNQwqyPURBjlpSlxo6g,1,1,2013,2013,2013,1.0,0.0,1.0,1,0,0.0,0,163
oXuY865XGZMpmBtIrjxYyA,6,6,2008,2014,2009,0.857142857143,26.0,4.5,4,1,1.5,0,349.84375
K8WLt5RelQdrQKjpj0doVg,1,1,2015,2015,2015,1.0,0.0,5.0,5,0,0.0,0,47
_Af3aw2kSAa5wVjNuevszA,13,13,2014,2015,2014,6.5,5.0,3.69230769231,4,4,24.7692307692,0,77.4619140625
4-rGhmTJjebF5IooS3m-yg,2,2,2011,2014,2012,0.5,5.0,4.0,3,2,2.0,0,76.5
H96tVHJ8XsM7vflB7Dn61Q,1,1,2015,2015,2015,1.0,0.0,5.0,5,0,0.0,0,63
kwrPgo7NXd6jntaaIAzTZw,1,1,2013,2013,2013,1.0,0.0,5.0,5,0,0.0,0,49
g3r7nDr_tU-ndDQ910B-gw,3,3,2015,2015,2015,3.0,0.0,3.66666666667,3,2,2.66666666667,0,25.5
GT97H0rgU9NHtq72QApe_w,1,1,2015,2015,2015,1.0,0.0,5.0,5,0,0.0,0,62
pq72bwwb1Rrmcc-xqQE-Ng,1,1,2012,2012,2012,1.0,0.0,1.0,1,0,0.0,0,288
p9H7tt-Cxi2cr4vne8QyhQ,16,16,2012,2015,2013,4.0,10.0,3.4375,4,4,21.9375,0,77.7966308594
I2YP26GpipCmdIth2f36ZA,3,3,2012,2012,2012,3.0,0.0,4.0,5,3,6.0,0,54.0
ic2sJ6aHE8ymDaJ7o1uTDg,1,1,2013,2013,2013,1.0,0.0,5.0,5,0,0.0,0,89
LKnFMmNkx0fVERvzc_RgAQ,1,1,2014,2014,2014,1.0,0.0,1.0,1,0,0.0,0,37
wGrVl6qGaHQPcY8jhNrI5g,3,3,2015,2015,2015,3.0,0.0,2.0,1,3,6.0,0,61.5
itvca3-XY57uw_-n8uxKeA,1,1,2015,2015,2015,1.0,0.0,2.0,2,0,0.0,0,51
g_SSIbeobKtjsz6zmt4Ssw,1,1,2012,2012,2012,1.0,0.0,1.0,1,0,0.0,0,24
KpWt9K0KkdFqnVR5QZhlUQ,20,20,2011,2015,2014,4.0,29.0,3.95,5,4,52.95,0,130.078443527
YguJyzJZqAowYyTJx7UnYw,1,1,2012,2012,2012,1.0,0.0,5.0,5,0,0.0,0,143
WbmQ-GJc6FfXeXzWr-zo8w,3,3,2008,2008,2008,3.0,0.0,3.33333333333,4,2,2.66666666667,0,151.5
XDTP4ny1M2Or3nV8HHUv2w,1,1,2015,2015,2015,1.0,0.0,4.0,4,0,0.0,0,111
EAimX520HqlYaj2PdvDJDw,1,1,2014,2014,2014,1.0,0.0,5.0,5,0,0.0,0,24
2ci59XIuSWlWzyPm843FJw,8,8,2011,2015,2012,1.6,14.0,5.0,5,0,0.0,0,32.78125
ZS4x2YD5C_kzWjHLILu79A,1,1,2012,2012,2012,1.0,0.0,5.0,5,0,0.0,0,103
-tpnWLAFaSkPzRE-9sK3xA,3,3,2013,2014,2013,1.5,2.0,3.66666666667,2,3,4.66666666667,0,37.25
ox1106QHuUejGcKQb_rVWg,1,1,2015,2015,2015,1.0,0.0,5.0,5,0,0.0,0,95
nHPFI0k_X5OoT5lqVahl9w,1,1,2010,2010,2010,1.0,0.0,5.0,5,0,0.0,0,11
Zgmx3vmFsbpe2NqgNeuuzw,1,1,2015,2015,2015,1.0,0.0,5.0,5,0,0.0,0,225
wgSaEvmO3umhYAOlIP6_cg,1,1,2014,2014,2014,1.0,0.0,5.0,5,0,0.0,0,59
So__rCeFEB2mzREEq-kmLg,4,4,2013,2015,2014,1.33333333333,3.0,4.75,5,1,0.75,0,53.125
4N9u5yx8-ium77lhNfgo0A,1,1,2015,2015,2015,1.0,0.0,4.0,4,0,0.0,0,91
nmcpzRr1BNlktVzmAZEFWg,1,1,2013,2013,2013,1.0,0.0,3.0,3,0,0.0,0,45
Ef3iOfxmwUpLsfczAaYOzA,1,1,2012,2012,2012,1.0,0.0,4.0,4,0,0.0,0,66
Bu2Apmn9Isn0CvQO7K_UOw,1,1,2014,2014,2014,1.0,0.0,2.0,2,0,0.0,0,168
n8weH04jNT6L5W2w145lKg,1,1,2010,2010,2010,1.0,0.0,5.0,5,0,0.0,0,120
MeMYKxFgU_dJaxNsee89yg,3,3,2011,2011,2011,3.0,0.0,4.33333333333,4,1,0.666666666667,0,75.0
ZjTZ6-puMSAuJlFtU4W8Ow,1,1,2014,2014,2014,1.0,0.0,5.0,5,0,0.0,0,12
vryT2Qf0-ug3yR5UYPt7XQ,23,23,2012,2013,2012,11.5,4.0,3.73913043478,4,3,20.4347826087,0,102.311098099
cwo6E875ttsTTr2i6wxdgg,4,4,2015,2015,2015,4.0,0.0,4.75,5,1,0.75,0,78.75
Cu6JMbhFoetuXLR24k7jCg,1,1,2015,2015,2015,1.0,0.0,1.0,1,0,0.0,0,102
L71NWK9Rt6GIpsUn9rPCtQ,27,27,2007,2015,2010,3.0,201.0,4.14814814815,5,4,45.4074074074,0,55.9181914628
g5NiRuvNCTv2U_2x1IHdTA,1,1,2015,2015,2015,1.0,0.0,5.0,5,0,0.0,0,63
Zh6Zr-jAO5KRrG2Aj6FEHQ,1,1,2014,2014,2014,1.0,0.0,1.0,1,0,0.0,0,51
xeWluqiYMfgPkkA65lIDuw,1,1,2014,2014,2014,1.0,0.0,1.0,1,0,0.0,0,212
3yqk5dEH_kmo5RY3xdEE_Q,6,6,2012,2012,2012,6.0,0.0,3.83333333333,4,3,6.83333333333,0,101.8125
1Yhq0SrTzS2J1IBV54mARQ,1,1,2011,2011,2011,1.0,0.0,5.0,5,0,0.0,0,22
c-3GZbCjYeLGX8d3gS_2cw,1,1,2014,2014,2014,1.0,0.0,1.0,1,0,0.0,0,85
P49yeCBnZWsGXb76eymvdA,1,1,2013,2013,2013,1.0,0.0,5.0,5,0,0.0,0,190
UPQhODErmiXI2qRsSKVBNw,1,1,2015,2015,2015,1.0,0.0,5.0,5,0,0.0,0,7
EllJ7fZDtcaUxvfIdGYHCQ,2,2,2012,2013,2012,1.0,1.0,3.5,3,1,0.5,0,15.0
2YMNk_75P1-vmZEuzKhOhg,2,2,2012,2012,2012,2.0,0.0,3.0,1,4,8.0,0,19.5
HwP5GHDOC17OqIrO-dNWAw,2,2,2012,2012,2012,2.0,0.0,3.5,3,1,0.5,0,14.5
EdTr1itfZKXB1DRfCKl0ig,1,1,2009,2009,2009,1.0,0.0,5.0,5,0,0.0,0,160
ubbnMPi2Vh5riRg5Kmi_aQ,2,2,2015,2015,2015,2.0,0.0,5.0,5,0,0.0,0,59.0
YSKTW4yc_0rfbaQ7BU6mgg,5,5,2013,2014,2013,2.5,2.0,4.8,5,1,0.8,0,38.0625
z6f1X6E3QxZwQmMpFgdRSA,5,5,2013,2013,2013,5.0,0.0,3.6,4,4,9.2,0,55.5
TbsTHuhppWcWcRVXZcdWiQ,2,2,2011,2012,2011,1.0,1.0,3.5,3,1,0.5,0,220.0
ZzD6a_zxM5OD6-SZEhXRWg,4,4,2013,2015,2013,1.33333333333,5.0,3.25,4,3,6.75,0,141.25
Sn2hjCJXdcJwpx2SmlyjQQ,1,1,2013,2013,2013,1.0,0.0,1.0,1,0,0.0,0,209
eF3pm8jx6YdBaCprL4TBuA,1,1,2015,2015,2015,1.0,0.0,5.0,5,0,0.0,0,62
B21rWHhUxCEuuIRjSCjmGQ,7,7,2011,2015,2012,1.4,20.0,3.28571428571,1,4,17.4285714286,0,62.015625
YEqxHKTW3VmLf_v_GuNUSg,5,5,2014,2015,2014,2.5,3.0,4.8,5,1,0.8,0,30.875
8v3R5otZVwZxRsnIudmSXQ,3,3,2010,2010,2010,3.0,0.0,3.66666666667,3,2,2.66666666667,0,671.25
eHJCumfEDfLLowB9ohTgdQ,1,1,2015,2015,2015,1.0,0.0,2.0,2,0,0.0,0,245
Zc4vHIkZFLmY5QipZMaGlQ,6,6,2013,2013,2013,6.0,0.0,4.33333333333,5,2,3.33333333333,0,37.15625
Q7K_uJ_8ClhscObeh8OtNQ,1,1,2015,2015,2015,1.0,0.0,5.0,5,0,0.0,0,208
JtCr0Lx8NOKM_HWtZV6Aow,2,2,2015,2015,2015,2.0,0.0,4.5,4,1,0.5,0,70.0
bnbuNIgtRUu6myT1ikazvQ,5,5,2009,2010,2009,2.5,1.0,3.8,4,1,0.8,0,101.5625
vlobgdHwLQyPbW-kofwssQ,3,3,2009,2012,2010,0.75,6.0,3.33333333333,4,2,2.66666666667,0,51.25
g1qNnyGNGlL_4cCAI04XIg,2,2,2013,2014,2013,1.0,1.0,4.0,4,0,0.0,0,50.5
HFuWV9yu0foZ0kw98fqlbw,1,1,2015,2015,2015,1.0,0.0,4.0,4,0,0.0,0,15
tpSeMbP1ON7WZUrnwqdEsA,3,3,2015,2015,2015,3.0,0.0,5.0,5,0,0.0,0,82.0
bhkDuk5yODYLYpmek8k3CQ,11,11,2014,2014,2014,11.0,0.0,3.81818181818,4,3,7.63636363636,0,43.83984375
RtRlMxlYAL3rbtyyO4-5qQ,1,1,2015,2015,2015,1.0,0.0,5.0,5,0,0.0,0,25
Hc0Rd-d8oXsGZoTaPEeSjw,3,3,2015,2015,2015,3.0,0.0,5.0,5,0,0.0,0,69.25
bjjjz7IrQuYL7nkqpa1GBQ,3,3,2012,2015,2014,0.75,6.0,2.66666666667,1,4,8.66666666667,0,215.75
rBEFKTbKBiZ9K6RxTODl9A,13,13,2008,2008,2008,13.0,0.0,3.61538461538,4,4,17.0769230769,0,150.017333984
yweOcvGCPZTcgk1N3MlCLg,1,1,2015,2015,2015,1.0,0.0,1.0,1,0,0.0,0,73
gc7p_hTkAKn3ltyFPJ-YAQ,1,1,2015,2015,2015,1.0,0.0,5.0,5,0,0.0,0,36
uGW6A0UOdX14XoRSqTTN4Q,1,1,2015,2015,2015,1.0,0.0,3.0,3,0,0.0,0,115
MKowENK21NqxUlsIUYsVnA,11,11,2015,2015,2015,11.0,0.0,3.72727272727,5,4,28.1818181818,0,134.692382812
o-tEieIkYnfZeY7h2SRy_w,4,4,2014,2014,2014,4.0,0.0,3.5,4,4,9.0,0,22.125
GwZbCZ8jYuYYFmOSjHSrtQ,2,2,2013,2014,2013,1.0,1.0,1.0,1,0,0.0,0,219.0
Sz1uwnT3pxuEECjEn449BQ,27,27,2010,2013,2011,6.75,26.0,3.37037037037,4,4,46.2962962963,0,104.105163261
icCO7T-O8x8zXeSPJHsfjw,1,1,2013,2013,2013,1.0,0.0,1.0,1,0,0.0,0,76
2VON-01VYaTiuI-ypJiKGw,1,1,2015,2015,2015,1.0,0.0,1.0,1,0,0.0,0,24
HSok9pENfCx78PT0JPHYvg,1,1,2015,2015,2015,1.0,0.0,1.0,1,0,0.0,0,84
qrhKO38GJa9lCuYcdm4T4A,2,2,2014,2014,2014,2.0,0.0,5.0,5,0,0.0,0,171.0
nN52IzKK6wBqghl8LlDaKA,1,1,2005,2005,2005,1.0,0.0,5.0,5,0,0.0,0,122
clhkQX7B5TjjrqSFnDibMw,2,2,2015,2015,2015,2.0,0.0,3.0,1,4,8.0,0,37.0
nkkCD6MOvuzQQ59w9V-FRg,2,2,2015,2015,2015,2.0,0.0,4.0,3,2,2.0,0,80.0
-LAjKogZrIxnnLJBsdvsSA,1,1,2015,2015,2015,1.0,0.0,5.0,5,0,0.0,0,52
dSbVOyb0YBc1N8ndst2hUA,1,1,2011,2011,2011,1.0,0.0,5.0,5,0,0.0,0,54
mL7XztKM3HfACSUapO0UzQ,15,15,2014,2014,2014,15.0,0.0,3.93333333333,5,4,24.9333333333,0,85.0003662109
m6Ebip0JugPPmgBjKIAI9Q,1,1,2015,2015,2015,1.0,0.0,5.0,5,0,0.0,0,77
O3Wa6qi9cnhtihj2GZpD9A,7,7,2013,2014,2013,3.5,4.0,4.0,4,4,12.0,0,21.984375
MGrEFfDGA1w4lQCutH_xjg,1,1,2015,2015,2015,1.0,0.0,5.0,5,0,0.0,0,19
ATLl-WpMoaihdwRWqLXNxA,3,3,2012,2012,2012,3.0,0.0,4.66666666667,5,1,0.666666666667,0,40.25
24iTxf8jbF4ZqCJHDKzRYw,1,1,2014,2014,2014,1.0,0.0,5.0,5,0,0.0,0,27
_2FHjAajhMgk6-fPTY4Vtw,1,1,2015,2015,2015,1.0,0.0,5.0,5,0,0.0,0,222
M-k9zPfNmO2TprC3LbPy3Q,1,1,2015,2015,2015,1.0,0.0,5.0,5,0,0.0,0,41
yl18qKIyPVfycjCtOdaMtA,1,1,2015,2015,2015,1.0,0.0,1.0,1,0,0.0,0,137
HF-tyz6OwAVbM_BPsmTSXw,2,2,2013,2014,2013,1.0,1.0,5.0,5,0,0.0,0,107.5
0S9V6f4hPnSA5GfAWNRtdw,6,6,2014,2015,2014,3.0,1.0,3.0,3,4,10.0,0,87.28125
iQ5VCc346ZOMHRy-_mHVBg,9,9,2008,2013,2009,1.5,28.0,2.77777777778,1,4,25.5555555556,0,142.37890625
ypZuVL3wvH82I8n3mlmunA,3,3,2011,2014,2012,0.75,5.0,1.0,1,0,0.0,0,165.0
nHTGwyR-SrT2GBH4b-pjmg,2,2,2014,2014,2014,2.0,0.0,1.0,1,0,0.0,0,142.0
Ftj1WWfknp5IhEPNjj-Vtg,1,1,2012,2012,2012,1.0,0.0,5.0,5,0,0.0,0,16
zObBht53JD2NUdlACv9yow,1,1,2014,2014,2014,1.0,0.0,5.0,5,0,0.0,0,135
Sz8GR1kOB0vmYVIuYaWFvw,1,1,2011,2011,2011,1.0,0.0,5.0,5,0,0.0,0,36
3ZTYk3eMDaaASLV9Ku9hRQ,1,1,2012,2012,2012,1.0,0.0,5.0,5,0,0.0,0,77
w43aHKuVbscKHKsaW5Z-MQ,1,1,2014,2014,2014,1.0,0.0,3.0,3,0,0.0,0,35
DZuxOhvX_KIivwxqeLUsOw,3,3,2014,2014,2014,3.0,0.0,4.33333333333,5,2,2.66666666667,0,50.75
8KBmUXP4gUoGPxNKnHLpjw,62,62,2011,2015,2013,12.4,120.0,4.03225806452,5,4,89.935483871,0,59.3391794132
mnF7X0LQO6XJ35yZm8Z0Lw,1,1,2015,2015,2015,1.0,0.0,5.0,5,0,0.0,0,67
JvoU2TiSt-X5ECtSgK0k6Q,8,8,2013,2015,2014,2.66666666667,8.0,4.75,5,1,1.5,0,78.328125
ObXmnIKK9vxberypxuh4vQ,4,4,2015,2015,2015,4.0,0.0,2.5,1,3,9.0,0,36.875
SFXOsihVUxkbOhtUcsIHQQ,1,1,2009,2009,2009,1.0,0.0,3.0,3,0,0.0,0,105
4JaS8Kemp9NvmWa3KEvJfg,2,2,2014,2014,2014,2.0,0.0,2.5,2,1,0.5,0,98.0
MGUWXtpVqOJUcZwrE9SqrA,1,1,2014,2014,2014,1.0,0.0,4.0,4,0,0.0,0,113
gT3y9O7yoosJBM-gdK9-JQ,2,2,2015,2015,2015,2.0,0.0,5.0,5,0,0.0,0,190.5
-w1t78z-pd2vVg7VZL-_Ow,1,1,2015,2015,2015,1.0,0.0,1.0,1,0,0.0,0,38
Zlfj4k0LrGgPJjFFuY98Hw,3,3,2011,2013,2012,1.0,3.0,4.0,4,0,0.0,0,34.5
010srZoYC_D87DmamBYQpw,3,3,2011,2015,2013,0.6,8.0,3.66666666667,5,4,10.6666666667,0,211.75
GnLqtwgjvRP_6IiVJVsTTw,1,1,2015,2015,2015,1.0,0.0,5.0,5,0,0.0,0,25
x1V5xqP9ouolmpwEV2R1GA,1,1,2014,2014,2014,1.0,0.0,1.0,1,0,0.0,0,81
mrJWN90GoCALAgD6ce001Q,2,2,2015,2015,2015,2.0,0.0,5.0,5,0,0.0,0,47.0
KDBlaTeEPBFMPbNvD2cMvw,2,2,2009,2009,2009,2.0,0.0,4.5,4,1,0.5,0,78.0
fCSYK0-COagzPzvYMk4i_g,1,1,2010,2010,2010,1.0,0.0,5.0,5,0,0.0,0,32
-k5ySbhzMd9lCaRgQEJXLg,1,1,2015,2015,2015,1.0,0.0,1.0,1,0,0.0,0,227
zUKig5PtRPdDFi-dnKBxKA,2,2,2013,2015,2014,0.666666666667,2.0,5.0,5,0,0.0,0,111.0
OAI8lAwHLQpkc8-E3j_AWQ,1,1,2013,2013,2013,1.0,0.0,4.0,4,0,0.0,0,61
aa_6tZ9ZdV18pG_ya8ZEnw,1,1,2013,2013,2013,1.0,0.0,1.0,1,0,0.0,0,122
JEqkte1ehEUQasnRc32eQA,1,1,2014,2014,2014,1.0,0.0,2.0,2,0,0.0,0,46
rYXys8XyTougWAEQj_Mf-Q,1,1,2015,2015,2015,1.0,0.0,1.0,1,0,0.0,0,43
75kvf57ZiIOaykuZwCuivg,1,1,2015,2015,2015,1.0,0.0,5.0,5,0,0.0,0,44
RZG7IwhtWLEO3nSlypAeBA,2,2,2015,2015,2015,2.0,0.0,1.5,1,1,0.5,0,45.0
U9J0uRsDLhW7GLLGtVVHkQ,2,2,2013,2015,2014,0.666666666667,2.0,4.5,4,1,0.5,0,29.0
Ct0SnpqOAtFNDwLdd-kZ9g,3,3,2013,2015,2014,1.0,3.0,2.66666666667,1,4,8.66666666667,0,27.25
KxULevuIXL_VKTTnMwIxPg,2,2,2013,2015,2014,0.666666666667,2.0,3.0,1,4,8.0,0,66.5
HK_hWI_eg2VuRnmHViQGcg,1,1,2015,2015,2015,1.0,0.0,5.0,5,0,0.0,0,35
n3HpeWPj3J_9AKlNSW0giw,2,2,2012,2014,2013,0.666666666667,2.0,2.5,1,3,4.5,0,64.0
k7fAEPhFt45krCmYyDWVAQ,1,1,2012,2012,2012,1.0,0.0,5.0,5,0,0.0,0,29
jrqRKhVTs7ZD3CsNVzDi1w,7,7,2010,2013,2012,1.75,10.0,4.0,5,4,14.0,0,72.765625
ARqp0WwDRtURomQNihTXBw,1,1,2014,2014,2014,1.0,0.0,5.0,5,0,0.0,0,167
IR67DouGbJpEkHjsRMCvpQ,10,10,2013,2013,2013,10.0,0.0,4.0,3,2,8.0,0,21.232421875
9Ty7j8SQa4mIt8dcwbK1ng,1,1,2014,2014,2014,1.0,0.0,5.0,5,0,0.0,0,67
-pA4P-vYqNGmuABygh-D_g,1,1,2011,2011,2011,1.0,0.0,3.0,3,0,0.0,0,574
XYOYs8DR8jJng5A7_iSgqA,5,5,2014,2015,2014,2.5,4.0,2.6,3,3,5.2,0,192.0625
o-TTk-UgnWcVPPEPL1839A,2,2,2014,2015,2014,1.0,1.0,3.0,1,4,8.0,0,95.0
CQ0YFWn8m1q_d7NP3BWd9g,1,1,2014,2014,2014,1.0,0.0,1.0,1,0,0.0,0,66
h1dTBSLTrePok6AQ4x3V5g,2,2,2014,2015,2014,1.0,1.0,2.5,1,3,4.5,0,564.0
QznFF_c3OUWYTaqMk51AiQ,3,3,2010,2010,2010,3.0,0.0,3.33333333333,1,4,8.66666666667,0,82.0
pNYK40XhM1aYN4JpAkkgiQ,1,1,2014,2014,2014,1.0,0.0,5.0,5,0,0.0,0,199
Y4vDAMdI7NMpeuB_IhcpMw,16,16,2008,2013,2009,2.66666666667,32.0,3.75,5,4,35.0,0,158.214355469
tLpCwN3b1poQzC9At-NdWQ,1,1,2012,2012,2012,1.0,0.0,5.0,5,0,0.0,0,256
3ZibQ2hdK2KWSeQz_K0CZg,1,1,2015,2015,2015,1.0,0.0,1.0,1,0,0.0,0,29
loDHPuOQx_5NbCwqWTUaMQ,1,1,2014,2014,2014,1.0,0.0,5.0,5,0,0.0,0,37
bzy_BJHnaa_TR3Y1IH-lrA,3,3,2015,2015,2015,3.0,0.0,4.66666666667,5,1,0.666666666667,0,49.5
w1SayW_Ue1v7HJiW-GIr1w,2,2,2015,2015,2015,2.0,0.0,5.0,5,0,0.0,0,28.5
bhx385mSozHZrK15juw8TA,2,2,2013,2013,2013,2.0,0.0,5.0,5,0,0.0,0,180.5
yHMP7sKLrNx_c8_2C3xIOg,1,1,2008,2008,2008,1.0,0.0,4.0,4,0,0.0,0,128
-KjbuSZi0peXEXSTMonfag,2,2,2015,2015,2015,2.0,0.0,4.0,4,0,0.0,0,77.0
G4eB9z4lE6nbwkG6SL1UtQ,1,1,2014,2014,2014,1.0,0.0,1.0,1,0,0.0,0,178
CWGtDXMwVfuKeYPjXvytyQ,1,1,2015,2015,2015,1.0,0.0,5.0,5,0,0.0,0,57
XgQ9ASHlqMOKMxpmlIMJ7w,5,5,2012,2015,2012,1.25,10.0,2.6,3,3,5.2,0,171.6875
1-L2JdYF3Z6qIJ80xbAvNA,3,3,2011,2011,2011,3.0,0.0,4.0,3,2,2.0,0,88.0
wSGKocv497QI16FKkXqWwQ,6,6,2014,2015,2014,3.0,4.0,3.0,2,4,14.0,0,44.0625
d6_y0yrdEucfZ_sSGW_SfQ,1,1,2015,2015,2015,1.0,0.0,4.0,4,0,0.0,0,132
PHwG0c5TrCulcnEgnb4mJA,1,1,2014,2014,2014,1.0,0.0,4.0,4,0,0.0,0,16
wsNTsrp2k-yqEcKTK8SOsw,1,1,2015,2015,2015,1.0,0.0,5.0,5,0,0.0,0,162
p-fyQppFtr29TZ6cMCfPCA,1,1,2015,2015,2015,1.0,0.0,5.0,5,0,0.0,0,72
ROkZ6pL0VRsNSBDWGxPltw,1,1,2013,2013,2013,1.0,0.0,4.0,4,0,0.0,0,32
AMDaqdJwLWJYztCUGwNi8g,1,1,2013,2013,2013,1.0,0.0,4.0,4,0,0.0,0,145
K6zAMI59vd81kca9xdO18Q,1,1,2010,2010,2010,1.0,0.0,3.0,3,0,0.0,0,22
gJO1vghyHvsnj3aDuVw9hQ,4,4,2012,2012,2012,4.0,0.0,3.5,4,4,9.0,0,100.125
x2duvB0P1IJda8i-zVZW-A,13,13,2013,2015,2014,4.33333333333,6.0,4.07692307692,5,3,12.9230769231,0,50.3618164062
1z7FzPD-iKMGe4d7cXa-tw,2,2,2015,2015,2015,2.0,0.0,2.0,1,2,2.0,0,96.5
GLQqdrTM_r8poEMejSxs7g,2,2,2014,2014,2014,2.0,0.0,5.0,5,0,0.0,0,58.5
x7ytXyBfv55GUJOYVu56Yw,1,1,2014,2014,2014,1.0,0.0,5.0,5,0,0.0,0,32
HytwR4IxAAjRMb4XlzpiWw,11,11,2014,2015,2014,5.5,9.0,2.81818181818,1,4,35.6363636364,0,150.291992188
EoaMI85WdkDFqdx_y7dMcg,3,3,2012,2014,2013,1.0,3.0,4.0,3,2,2.0,0,72.0
d3GgKkYjz5v2abmHQ8Qxeg,3,3,2012,2014,2013,1.0,2.0,4.33333333333,4,1,0.666666666667,0,201.25
aH6u46FiyQZPMwFrCTay2A,11,11,2010,2011,2010,5.5,6.0,3.81818181818,4,2,3.63636363636,0,132.305664062
OEYyGN_2rOzaco-2V0QAzw,7,7,2014,2015,2014,3.5,3.0,3.85714285714,5,4,22.8571428571,0,137.078125
BFDyOJft-4HMXYd89sV3PA,3,3,2015,2015,2015,3.0,0.0,2.66666666667,1,4,8.66666666667,0,62.25
UqDV0ImxGSzQlGV5P2UfQw,1,1,2013,2013,2013,1.0,0.0,5.0,5,0,0.0,0,111
UVsuuy0d5t_KbSt7BNvWOw,2,2,2012,2015,2013,0.5,5.0,2.0,2,0,0.0,0,79.5
K4s0tlER08NogR0VCMBvGg,5,5,2010,2011,2010,2.5,3.0,4.0,4,0,0.0,0,200.625
DoTRDSYO_cSnKKV4nohfVg,1,1,2014,2014,2014,1.0,0.0,5.0,5,0,0.0,0,110
_rLuJxnWkTnttc9aDh21UQ,6,6,2010,2010,2010,6.0,0.0,3.16666666667,4,2,4.83333333333,0,38.03125
lR7QD2Ixe7O3sT4-MY9jiw,1,1,2015,2015,2015,1.0,0.0,1.0,1,0,0.0,0,64
WlIv2LXUtXF_vxlH1lN_og,3,3,2014,2015,2014,1.5,1.0,3.66666666667,2,3,4.66666666667,0,39.25
toC6P4WK9cuCdEO0iB3lqg,1,1,2015,2015,2015,1.0,0.0,5.0,5,0,0.0,0,43
Yom6hwuqI5ffoF3pJuOgMQ,1,1,2015,2015,2015,1.0,0.0,2.0,2,0,0.0,0,17
NDAr16SpKe3zq9Qe3vW5hQ,1,1,2015,2015,2015,1.0,0.0,5.0,5,0,0.0,0,32
5oQ4NJE4newpdTMB-b_83Q,6,6,2014,2015,2014,3.0,1.0,3.16666666667,1,4,16.8333333333,0,146.15625
Uuvx0PPY37g8jy1AWtYzlQ,6,6,2014,2014,2014,6.0,0.0,4.16666666667,5,4,12.8333333333,0,50.25
2ML-x5ayaLnW-Icjf5wtVA,1,1,2015,2015,2015,1.0,0.0,5.0,5,0,0.0,0,45
NrTlYSIXHxl1xYYi78Ekqg,2,2,2015,2015,2015,2.0,0.0,5.0,5,0,0.0,0,7.0
f3RPotFjg_WrYhE3Sw96oA,1,1,2012,2012,2012,1.0,0.0,5.0,5,0,0.0,0,30
WYjujanSzHHqtK8bz2aw6w,2,2,2014,2015,2014,1.0,1.0,5.0,5,0,0.0,0,83.0
vAQRCkPTbZATOzZyD33nzg,3,3,2013,2014,2013,1.5,2.0,4.66666666667,5,1,0.666666666667,0,112.0
sQwgFhirdCt6h_g1rbjHHA,50,50,2011,2012,2011,25.0,10.0,3.96,5,4,69.92,0,257.233089154
mXGlMSHVDylfKDE-Ar6z8Q,1,1,2014,2014,2014,1.0,0.0,5.0,5,0,0.0,0,38
Pmzude7XwUc1j9qnh2K7gw,1,1,2014,2014,2014,1.0,0.0,5.0,5,0,0.0,0,54
3rdNBL-ADL9bn4qHhWNfjA,1,1,2012,2012,2012,1.0,0.0,5.0,5,0,0.0,0,13
zmLQFfPYemwKmf9AKJHE7g,3,3,2013,2014,2013,1.5,2.0,3.66666666667,5,4,10.6666666667,0,54.0
HSpJPNEvGDy3AeMfhExfgQ,53,53,2011,2015,2013,10.6,68.0,4.30188679245,5,4,51.1698113208,0,125.290335462
egPeafYjekNV27QEC12azA,2,2,2013,2015,2014,0.666666666667,2.0,5.0,5,0,0.0,0,121.5
UnxCEjyC03EiB4jB31UzXA,2,2,2015,2015,2015,2.0,0.0,5.0,5,0,0.0,0,70.0
JIRJ3gweZgk_etOwPzSrKg,2,2,2015,2015,2015,2.0,0.0,4.0,4,0,0.0,0,53.5
SMPqUMU_7NwZ3dtTl8MR_A,3,3,2014,2014,2014,3.0,0.0,5.0,5,0,0.0,0,29.5
4amn2fnwsOYHlE12orB1XA,1,1,2014,2014,2014,1.0,0.0,5.0,5,0,0.0,0,67
FxjkJWbU9HOT8JxWa8MukA,1,1,2015,2015,2015,1.0,0.0,5.0,5,0,0.0,0,94
vjrC4oomhU6-A3f94puQwA,1,1,2015,2015,2015,1.0,0.0,2.0,2,0,0.0,0,104
YKBjYHdiwhINVR83AxxPng,1,1,2011,2011,2011,1.0,0.0,4.0,4,0,0.0,0,42
N2wTthCwo8HtbMlZ2O0Hkg,1,1,2014,2014,2014,1.0,0.0,5.0,5,0,0.0,0,124
jcYVuC_h2gTvBGdsnzOnNg,1,1,2014,2014,2014,1.0,0.0,5.0,5,0,0.0,0,54
GCcAcIYKUy1Lz5hjBNQBTQ,2,2,2015,2015,2015,2.0,0.0,3.5,3,1,0.5,0,209.5
f7Xo7P4ArySab4ZzpdLIzQ,8,8,2012,2013,2012,4.0,7.0,4.375,5,2,5.875,0,46.9765625
mbmZGeQfpgxiyW5yzcGiaA,1,1,2014,2014,2014,1.0,0.0,5.0,5,0,0.0,0,28
KmXhrwn6fCYs6TVpP3JcVw,1,1,2015,2015,2015,1.0,0.0,2.0,2,0,0.0,0,59
chu1I2Tg1IHOqSinyD2FYw,2,2,2013,2013,2013,2.0,0.0,1.0,1,0,0.0,0,102.5
dci__73meAUNtMiJt5_WNg,3,3,2015,2015,2015,3.0,0.0,3.33333333333,1,4,8.66666666667,0,83.0
XXKMFeQ-vkHrG9Q92KviVg,2,2,2013,2013,2013,2.0,0.0,1.0,1,0,0.0,0,159.5
L_hG-g5KWgp3-1skWGX8oQ,1,1,2011,2011,2011,1.0,0.0,5.0,5,0,0.0,0,21
qJyc0s0J0-vWiCipLn9UpA,1,1,2015,2015,2015,1.0,0.0,5.0,5,0,0.0,0,59
HHbe1svajOb3FOXdoAoGeA,58,58,2007,2008,2007,29.0,5.0,4.56896551724,5,3,30.224137931,0,183.447220619
C_Vgmug1dIfBrzQwZ40tVg,1,1,2015,2015,2015,1.0,0.0,5.0,5,0,0.0,0,284
uUwI6hlyDocyF1n950uqMA,5,5,2012,2012,2012,5.0,0.0,3.4,3,4,11.2,0,212.25
CWpdAoH4-HwYa1ozfYfBrw,1,1,2014,2014,2014,1.0,0.0,4.0,4,0,0.0,0,63
lRocnfKnx2K7ZaCfdzJxJA,8,8,2014,2015,2014,4.0,3.0,3.875,4,4,10.875,0,58.9765625
W3tDZcOOlhqvVcLHKBji3w,9,9,2012,2014,2012,3.0,5.0,3.88888888889,4,4,12.8888888889,0,83.48046875
p5oQ-a6UNNoqrOFDX7hGdQ,2,2,2013,2014,2013,1.0,1.0,5.0,5,0,0.0,0,102.0
5AwX3A1D-PJkkrWuRpmpCA,3,3,2012,2014,2013,1.0,2.0,5.0,5,0,0.0,0,55.75
55GXsFLH4QYnTQqiijBtxA,71,71,2011,2015,2012,14.2,169.0,4.47887323944,5,3,47.7183098592,0,109.320996084
XmOiFAy168781nzRAYOetg,24,24,2010,2015,2011,4.0,61.0,4.16666666667,5,4,25.3333333333,0,59.3502930403
w2AknGw756-aaudPt_aHsQ,1,1,2012,2012,2012,1.0,0.0,1.0,1,0,0.0,0,102
S0VGcLHHRHZhWCK9wqaCqw,10,10,2015,2015,2015,10.0,0.0,3.3,5,4,36.1,0,54.228515625
XlM519tBbX_Q9AWcaxH8iQ,3,3,2014,2014,2014,3.0,0.0,3.0,4,3,6.0,0,259.75
py7cqr29b3ffVsyZmFc8Mw,1,1,2011,2011,2011,1.0,0.0,1.0,1,0,0.0,0,191
37FwcqThCLR-bMzT248GNQ,1,1,2015,2015,2015,1.0,0.0,5.0,5,0,0.0,0,42
HYKk8Y4Z_kmGsAiNX4rxUA,2,2,2014,2014,2014,2.0,0.0,2.5,1,3,4.5,0,9.0
BIJLx0gc_8kLUhB1xmf1uw,1,1,2013,2013,2013,1.0,0.0,5.0,5,0,0.0,0,97
kfwO0P8opP-VAwVMVzCmIQ,2,2,2010,2010,2010,2.0,0.0,4.5,4,1,0.5,0,16.0
H9-pM1PdgvqUIgVAaUbf_w,1,1,2015,2015,2015,1.0,0.0,4.0,4,0,0.0,0,62
1Dae5rtjKH1NlUjF53kWFw,1,1,2015,2015,2015,1.0,0.0,5.0,5,0,0.0,0,99
zG7uoEAlhIIORHd1Brw8mg,1,1,2014,2014,2014,1.0,0.0,2.0,2,0,0.0,0,25
AOeNQhXwtWX7YMkJsy8r3A,1,1,2015,2015,2015,1.0,0.0,5.0,5,0,0.0,0,41
VXVwGlI0VOP9B7BRr1LXCA,1,1,2015,2015,2015,1.0,0.0,2.0,2,0,0.0,0,93
f6GwOTE4N5D8CWJ3bSte7g,1,1,2012,2012,2012,1.0,0.0,4.0,4,0,0.0,0,59
VxOOHpp7GgGrvGdByBeqtA,1,1,2015,2015,2015,1.0,0.0,4.0,4,0,0.0,0,20
wceXQI5x0OkpVTzPEv8XNA,39,39,2010,2015,2013,6.5,80.0,3.35897435897,3,4,46.9743589744,0,176.645795017
BToDh_dHEBzlwuDgQU-GZw,2,2,2015,2015,2015,2.0,0.0,3.0,1,4,8.0,0,76.5
sCFHQ5L0mvKLNDqUVFlTsw,1,1,2014,2014,2014,1.0,0.0,1.0,1,0,0.0,0,178
FVmArbIwbeIm_SM69Kg9iQ,2,2,2015,2015,2015,2.0,0.0,4.5,4,1,0.5,0,61.0
UGDNklh3pwBsJON4uQcyGw,40,40,2015,2015,2015,40.0,0.0,3.875,4,4,36.375,0,149.985757255
BH2LFzO2d4Iwb-Sydda7mQ,7,7,2014,2015,2014,3.5,3.0,3.71428571429,5,4,21.4285714286,0,87.109375
UtXV8udLmDWvHSkfa2cEKA,1,1,2015,2015,2015,1.0,0.0,1.0,1,0,0.0,0,129
Ms7iXvWCSZ3HFnATUwVllA,5,5,2013,2013,2013,5.0,0.0,4.4,5,2,3.2,0,100.0625
YO78k2P7om7Zk9nkMjEoZw,1,1,2015,2015,2015,1.0,0.0,3.0,3,0,0.0,0,56
oaSY40T-cYpfTnbLQW9aaw,1,1,2014,2014,2014,1.0,0.0,5.0,5,0,0.0,0,46
eWG0oND6nomu0NQ-V-Mvlg,1,1,2012,2012,2012,1.0,0.0,5.0,5,0,0.0,0,63
VDDuzKHl5M6h4ZjnxYKIpQ,3,3,2011,2011,2011,3.0,0.0,4.33333333333,4,1,0.666666666667,0,215.5
sHiJXP7sszp8ovs8mPZ7XA,2,2,2014,2014,2014,2.0,0.0,4.0,4,0,0.0,0,25.0
VwYo603YvOxDvKrzkk8qFA,1,1,2009,2009,2009,1.0,0.0,4.0,4,0,0.0,0,38
4WO9EY4JiBrJ-fPHEzDv3A,5,5,2014,2015,2014,2.5,1.0,4.4,4,1,1.2,0,91.0625
nS6_fqidrUaYR_ds0RuAUA,1,1,2015,2015,2015,1.0,0.0,5.0,5,0,0.0,0,89
EOGbTatslYQ1hS9BeOmAyg,1,1,2014,2014,2014,1.0,0.0,5.0,5,0,0.0,0,104
F5DOd05SxK8UG8ZdeFslQA,1,1,2013,2013,2013,1.0,0.0,3.0,3,0,0.0,0,166
sj3t-K8ZeFM9tHjUJjuM0g,1,1,2015,2015,2015,1.0,0.0,5.0,5,0,0.0,0,55
5_DR9MOs-GDRNWH86u-pzQ,1,1,2015,2015,2015,1.0,0.0,5.0,5,0,0.0,0,84
pVsJSYX1ThoynSkCRt78UA,1,1,2012,2012,2012,1.0,0.0,5.0,5,0,0.0,0,15
icd5hsgC7WSgDHhxsSlOHQ,1,1,2015,2015,2015,1.0,0.0,3.0,3,0,0.0,0,23
Oa5UTEsMF0GhZvyzD619yg,1,1,2015,2015,2015,1.0,0.0,5.0,5,0,0.0,0,10
tNZv9_2-W2ICdeoOuD_AFA,3,3,2014,2015,2014,1.5,2.0,3.0,4,3,6.0,0,34.0
sIuvoo8uSswW0ue9gkNgXw,1,1,2015,2015,2015,1.0,0.0,1.0,1,0,0.0,0,63
KCRTleh7E6O6-UgSVCnGGg,1,1,2013,2013,2013,1.0,0.0,4.0,4,0,0.0,0,112
Hr68bL4YQiIWOlCZ_rdZSw,2,2,2012,2015,2013,0.5,5.0,1.0,1,0,0.0,0,152.0
N3I1EpgXUEKVdAUiqzdEFw,2,2,2013,2014,2013,1.0,1.0,5.0,5,0,0.0,0,93.5
61EtUxqUYVbaB3s6qyLYsg,6,6,2014,2015,2014,3.0,4.0,3.5,5,4,15.5,0,96.5625
BBP2y9mit1LcZwPHqrwQjg,2,2,2012,2013,2012,1.0,1.0,4.0,4,0,0.0,0,429.0
HLuQKJJJf9uYurJN2cREvg,1,1,2013,2013,2013,1.0,0.0,4.0,4,0,0.0,0,59
jH8LA9-TyBf_Qenx5wrb7A,2,2,2013,2015,2014,0.666666666667,2.0,3.5,3,1,0.5,0,67.0
I7RkvMLf541QJEqoQMRw_Q,1,1,2013,2013,2013,1.0,0.0,5.0,5,0,0.0,0,8
sSBsY5tXzgT0aUwntoqpvA,1,1,2009,2009,2009,1.0,0.0,2.0,2,0,0.0,0,500
A2RmcgnthMJfh1m1Tf8boQ,1,1,2015,2015,2015,1.0,0.0,4.0,4,0,0.0,0,85
kqukErpXbqUYXkF2SWjC6A,1,1,2013,2013,2013,1.0,0.0,5.0,5,0,0.0,0,145
Vh7HNMDLVVmnnBsIe7i7Qw,11,11,2006,2011,2007,1.83333333333,55.0,4.90909090909,5,1,0.909090909091,0,155.686523438
WPMNtg62-tyop54iqtzyEQ,3,3,2013,2014,2013,1.5,2.0,2.33333333333,1,4,10.6666666667,0,47.5
9Hop--leGoubJZs_W7plKg,2,2,2015,2015,2015,2.0,0.0,3.5,2,3,4.5,0,158.5
1OiPOQC42S2lMSex0YzC0g,1,1,2014,2014,2014,1.0,0.0,1.0,1,0,0.0,0,86
-25XKvZf3P6pBwqLYRkuQQ,3,3,2015,2015,2015,3.0,0.0,4.33333333333,4,1,0.666666666667,0,75.0
p2beHNTaaqFq9EfpqJKqjA,2,2,2014,2014,2014,2.0,0.0,4.5,4,1,0.5,0,204.0
POPVwe5sCm-SQZVkBo8S2w,4,4,2012,2015,2012,1.0,9.0,3.75,4,3,4.75,0,90.75
YiND4sZqBcalHw3_WykdLA,1,1,2010,2010,2010,1.0,0.0,4.0,4,0,0.0,0,173
gXnsmD0s4anM28R2x6pQCg,1,1,2014,2014,2014,1.0,0.0,1.0,1,0,0.0,0,32
c4NroT-MY7z92jWHfmQYqw,7,7,2012,2015,2013,1.75,18.0,3.71428571429,5,4,15.4285714286,0,42.578125
bb9CTDIvSQEHId6FO1fq8Q,3,3,2011,2015,2013,0.6,9.0,3.33333333333,1,4,8.66666666667,0,83.75
hyYUEnpqmDJu32qB_h6wRg,1,1,2014,2014,2014,1.0,0.0,5.0,5,0,0.0,0,125
hs5yadUR_4X-KLc67ySJtA,8,8,2014,2014,2014,8.0,0.0,4.25,5,3,9.5,0,297.4453125
tD7hM4yPjk6hIhsUs6G2Jg,4,4,2012,2012,2012,4.0,0.0,4.25,4,1,0.75,0,120.25
lBlrLNv7N4FNv-IEjyupFw,2,2,2014,2015,2014,1.0,1.0,5.0,5,0,0.0,0,50.0
XzPH0CpYRlB1xM1dtshJHQ,1,1,2015,2015,2015,1.0,0.0,5.0,5,0,0.0,0,24
tDE-DRNhJcTWOBVxzhheWg,6,6,2014,2015,2014,3.0,2.0,4.66666666667,5,1,1.33333333333,0,37.46875
215hNxgPIN-ckFG5gdOZxg,1,1,2012,2012,2012,1.0,0.0,5.0,5,0,0.0,0,110
SEb_g3XGpFyR3T7yixstpQ,4,4,2015,2015,2015,4.0,0.0,4.0,5,4,12.0,0,350.0
6tafw2XAMbmDS9A4VYuKpQ,6,6,2012,2014,2013,2.0,6.0,1.5,1,3,7.5,0,104.375
22vx9uKV666UVwX5FCIgMQ,1,1,2012,2012,2012,1.0,0.0,1.0,1,0,0.0,0,225
57ypfZ41lsUcAAkeN-7dIA,1,1,2014,2014,2014,1.0,0.0,5.0,5,0,0.0,0,27
iH8omUByj4_1xykQrdA_6w,1,1,2015,2015,2015,1.0,0.0,5.0,5,0,0.0,0,35
81xIe9J24VroD1lVErhY9A,1,1,2015,2015,2015,1.0,0.0,1.0,1,0,0.0,0,280
ZytTP_2ofL7vZcWAa3ARPg,3,3,2010,2013,2011,0.75,6.0,1.66666666667,1,2,2.66666666667,0,346.25
8eCkQjb0jRXFIZmAsGTZHw,2,2,2015,2015,2015,2.0,0.0,1.5,1,1,0.5,0,74.0
V5djnPURjEZzlIIDc6NJJg,2,2,2014,2014,2014,2.0,0.0,4.0,4,0,0.0,0,97.5
4kmyKavoLFRDv1eyLkb4gg,2,2,2009,2009,2009,2.0,0.0,3.5,2,3,4.5,0,148.5
zgcXN1a_-LICEDhIV86UTQ,1,1,2015,2015,2015,1.0,0.0,4.0,4,0,0.0,0,24
Yc2nPLWFgrmG8G27WEGgVA,1,1,2013,2013,2013,1.0,0.0,5.0,5,0,0.0,0,20
IbRbBchj3eOvejN3aFAnAQ,1,1,2015,2015,2015,1.0,0.0,1.0,1,0,0.0,0,1
x3JyxE_lmt1BUa3I_94W8w,5,5,2009,2010,2009,2.5,2.0,4.0,4,2,2.0,0,121.875
Oggxnlj3T5f2GS_rnrT0lQ,3,3,2013,2015,2014,1.0,2.0,5.0,5,0,0.0,0,39.75
l1ndqjeG4CtvLTFeUm951Q,1,1,2008,2008,2008,1.0,0.0,5.0,5,0,0.0,0,220
r8DA1IoEQvj1zobyi86jfg,1,1,2009,2009,2009,1.0,0.0,1.0,1,0,0.0,0,112
uf9B7AmxAzEvPxzOoQNY9g,1,1,2014,2014,2014,1.0,0.0,5.0,5,0,0.0,0,99
9qA10c7Wj3Aie-mw_fKMig,2,2,2015,2015,2015,2.0,0.0,3.0,1,4,8.0,0,148.0
PmkkULGOMbbsv6WSaASg3Q,2,2,2012,2013,2012,1.0,1.0,3.0,2,2,2.0,0,91.5
_EnpV4Tl4KhbMzw7VfiQcw,3,3,2013,2014,2013,1.5,1.0,3.66666666667,2,3,4.66666666667,0,46.0
lX-J5wW0xuvoY0pu34jiPg,1,1,2014,2014,2014,1.0,0.0,2.0,2,0,0.0,0,31
qhl1UiSBJ3Cp_a7SzYcnkQ,1,1,2014,2014,2014,1.0,0.0,5.0,5,0,0.0,0,136
DGchdoWpAzezQWTwhMxaFg,2,2,2015,2015,2015,2.0,0.0,1.5,1,1,0.5,0,53.5
nT6uxygNImYgIzwRIYoFEQ,1,1,2015,2015,2015,1.0,0.0,3.0,3,0,0.0,0,25
JuUZphVvoY-BxlZzPBzEOA,1,1,2013,2013,2013,1.0,0.0,3.0,3,0,0.0,0,409
IOcMbp_Mrig5SfokHQVaNw,1,1,2014,2014,2014,1.0,0.0,5.0,5,0,0.0,0,66
gD2IlYNxzvFOuRMGqH96lQ,4,4,2014,2015,2014,2.0,1.0,4.25,4,1,0.75,0,132.125
3dHAvjaAJyOj-Eo1Vcid5A,3,3,2014,2015,2014,1.5,2.0,4.33333333333,5,2,2.66666666667,0,60.25
jc6LD2wn5YrW3BUcxuX50w,1,1,2011,2011,2011,1.0,0.0,1.0,1,0,0.0,0,184
QfxDVReLRrWG4A9cuiiARQ,1,1,2015,2015,2015,1.0,0.0,5.0,5,0,0.0,0,44
BF8f-s8TTe6wbmgCN9m-mQ,6,6,2014,2015,2014,3.0,3.0,3.66666666667,3,3,7.33333333333,0,91.0625
QnI_70JmAjc2geGmRxxzww,1,1,2015,2015,2015,1.0,0.0,5.0,5,0,0.0,0,57
NdwgZm__NU060OFOrAHrhg,1,1,2015,2015,2015,1.0,0.0,4.0,4,0,0.0,0,37
iC_P_RvZqXHDEr1moLyM1w,59,59,2009,2015,2012,8.42857142857,155.0,3.18644067797,2,4,104.949152542,0,110.103537899
RlfuAG5r6QRAGdt5qucmmQ,2,2,2015,2015,2015,2.0,0.0,3.5,3,1,0.5,0,43.5
nQhdVBRxY7Y7AIBpxv_sQw,1,1,2015,2015,2015,1.0,0.0,5.0,5,0,0.0,0,58
fooPoRZu_CYIzMc7sj0jCg,4,4,2014,2015,2014,2.0,2.0,4.75,5,1,0.75,0,33.375
6neT_DtU8g0kEq62eozdZQ,6,6,2014,2014,2014,6.0,0.0,4.33333333333,5,2,3.33333333333,0,189.59375
k7lQY-6N6YztlZ6li8WVDQ,1,1,2015,2015,2015,1.0,0.0,5.0,5,0,0.0,0,66
yskS5-g8ZZZH_k6ZgrIScQ,10,10,2009,2013,2011,2.0,40.0,3.9,4,3,6.9,0,101.474609375
RuMSEZMFFVLcTHIrBcdpTw,9,9,2014,2015,2014,4.5,8.0,4.55555555556,5,2,4.22222222222,0,188.19140625
7US4r1iNSOrRl5Ejip1cMA,1,1,2014,2014,2014,1.0,0.0,5.0,5,0,0.0,0,28
guhXu6J5QpAp-cXvnJFD1g,1,1,2012,2012,2012,1.0,0.0,5.0,5,0,0.0,0,34
OYB-p_-vNwYai0iIIxMLsA,4,4,2015,2015,2015,4.0,0.0,4.75,5,1,0.75,0,57.375
6gSykH6Gr0VEJ_P4DnJGZA,3,3,2010,2011,2010,1.5,1.0,3.0,4,3,6.0,0,48.0
zAMyJqZCDf6NO88mi3Ht6Q,1,1,2010,2010,2010,1.0,0.0,4.0,4,0,0.0,0,109
0Sy6etaB8vDYBYJYENCYGw,1,1,2013,2013,2013,1.0,0.0,5.0,5,0,0.0,0,94
OIJ8_Z3S7vQUL9v8WcTUjA,1,1,2014,2014,2014,1.0,0.0,5.0,5,0,0.0,0,81
ABjE1lR6thToKBnlo2equA,1,1,2013,2013,2013,1.0,0.0,5.0,5,0,0.0,0,54
-Rwn_JlLqNEhQIaiA8gFlw,6,6,2010,2015,2013,1.0,23.0,3.0,1,4,18.0,0,99.5
wKqOrRjyVStbo-YdLUjF6w,3,3,2014,2015,2014,1.5,1.0,3.66666666667,5,4,10.6666666667,0,100.5
hl2EjE2YqhYqBIk4Tg91lw,2,2,2013,2014,2013,1.0,1.0,5.0,5,0,0.0,0,69.0
us3-DTnZzvZdZh9za_VXbA,47,47,2009,2015,2011,6.71428571429,204.0,3.46808510638,3,3,41.7021276596,0,199.760918915
vyr9od_ns2TV7TQESushwQ,2,2,2014,2014,2014,2.0,0.0,5.0,5,0,0.0,0,63.0
zubR9zNExrdKykUZCEctYA,1,1,2010,2010,2010,1.0,0.0,2.0,2,0,0.0,0,149
zaEL4KdaLsyfKC1xRpWICg,1,1,2015,2015,2015,1.0,0.0,1.0,1,0,0.0,0,112
Ts3t9etPRWTaSd1S3X5zVA,5,5,2014,2015,2014,2.5,4.0,4.8,5,1,0.8,0,44.8125
oy80uRWEVOc4X_AWStW9Aw,1,1,2011,2011,2011,1.0,0.0,4.0,4,0,0.0,0,97
7k5Y2FI9vpJ6595mY1nh3Q,7,7,2008,2011,2008,1.75,10.0,4.14285714286,5,4,14.8571428571,0,141.015625
ddnf6hed_N2s5sO82uoH2g,2,2,2015,2015,2015,2.0,0.0,4.5,4,1,0.5,0,22.5
sW6cB89rC8iUgNU2lVPcqg,1,1,2011,2011,2011,1.0,0.0,5.0,5,0,0.0,0,61
E23wg-f--3Dvq7DnJM8NEw,3,3,2015,2015,2015,3.0,0.0,5.0,5,0,0.0,0,66.5
0uTjW_lNYjzRdxHK8HutkQ,1,1,2015,2015,2015,1.0,0.0,5.0,5,0,0.0,0,10
JbAeIYc89Sk8SWmrBCJs9g,9,9,2013,2013,2013,9.0,0.0,3.55555555556,4,4,20.2222222222,0,137.5703125
feIiM9CIRfkzPnHFkvwnBQ,1,1,2015,2015,2015,1.0,0.0,1.0,1,0,0.0,0,15
vPDr_R_BRwK3qKbIGCP1_w,1,1,2013,2013,2013,1.0,0.0,5.0,5,0,0.0,0,71
OWOwAkQCgCD-Ga6uAUn9Og,3,3,2014,2015,2014,1.5,2.0,3.66666666667,2,3,4.66666666667,0,44.5
O8ioHuhC6oo0ucMdXIJbHA,3,3,2014,2014,2014,3.0,0.0,3.66666666667,5,4,10.6666666667,0,66.5
lJa1TeQVb_m07_49ppvwZg,1,1,2013,2013,2013,1.0,0.0,5.0,5,0,0.0,0,43
2CF3EYftWvlTCxhAmbtwTg,13,13,2013,2015,2014,4.33333333333,12.0,4.38461538462,5,3,11.0769230769,0,104.825927734
JQvP8_el7AVkU16lFRFW1Q,1,1,2012,2012,2012,1.0,0.0,4.0,4,0,0.0,0,5
Bx4NnXFNrwLZGjNbN5oFaQ,1,1,2014,2014,2014,1.0,0.0,2.0,2,0,0.0,0,86
Nt66d9jvvakAMPf4BOQQrA,2,2,2012,2013,2012,1.0,1.0,4.5,4,1,0.5,0,27.0
nAyQRIwsAgDBGcHf7f8sEg,2,2,2012,2014,2013,0.666666666667,2.0,3.0,1,4,8.0,0,97.0
k2h27WQ7nvoASPn78myxvQ,1,1,2015,2015,2015,1.0,0.0,5.0,5,0,0.0,0,59
0RPBgRtqhazwAIiT3yGlUw,2,2,2012,2012,2012,2.0,0.0,3.0,2,2,2.0,0,167.5
l_cObJGMT72fo-fuTPajkA,4,4,2015,2015,2015,4.0,0.0,4.5,4,1,1.0,0,94.625
Vvue-MQU8Nbv-8wLtwXzCA,1,1,2015,2015,2015,1.0,0.0,2.0,2,0,0.0,0,143
oEus2hjsDwRSTKXC-ZGTWw,3,3,2011,2014,2012,0.75,6.0,2.66666666667,1,3,4.66666666667,0,31.0
exgVl2vBujcx5L2BuKKulw,1,1,2012,2012,2012,1.0,0.0,5.0,5,0,0.0,0,12
r3MacEFVen09Wf8RmBRFLg,1,1,2015,2015,2015,1.0,0.0,5.0,5,0,0.0,0,104
-Lyy69mTmtYlSEZbb8jikA,2,2,2014,2015,2014,1.0,1.0,3.0,1,4,8.0,0,113.0
SrnWEPg-J1tmlUIUC0rupw,1,1,2011,2011,2011,1.0,0.0,4.0,4,0,0.0,0,164
8v-cU1JmQc35yuO8AFGPAQ,2,2,2010,2010,2010,2.0,0.0,4.5,4,1,0.5,0,77.5
xnXGX9bDSgrnbKTtai8Chw,4,4,2008,2010,2009,1.33333333333,4.0,3.25,3,3,4.75,0,88.125
IAt8gMFfuH3RgcWL6w9_gA,9,9,2011,2015,2014,1.8,13.0,4.55555555556,5,2,4.22222222222,0,43.3515625
MApVOgdkBQYQf2i_alKThA,1,1,2014,2014,2014,1.0,0.0,5.0,5,0,0.0,0,61
YhkUVqrz2rsjBK1BHr65MA,3,3,2008,2008,2008,3.0,0.0,4.33333333333,4,1,0.666666666667,0,165.25
RyhsqvH7EzKBpIIw87erhQ,1,1,2015,2015,2015,1.0,0.0,5.0,5,0,0.0,0,38
FQrPSJ1NyOeg3YxX_3_1MA,20,20,2015,2015,2015,20.0,0.0,4.0,5,4,50.0,0,129.594896317
q4iuReOsxTaZBgRG9g8uwQ,1,1,2015,2015,2015,1.0,0.0,5.0,5,0,0.0,0,35
v6T9zpXNNa9AscZ6EDI6TA,2,2,2012,2013,2012,1.0,1.0,1.0,1,0,0.0,0,66.5
ZbKm4mB8oGQiJ2SnIOZROg,1,1,2014,2014,2014,1.0,0.0,1.0,1,0,0.0,0,280
QmONo5i7fRmiK4vEfMlM_A,1,1,2015,2015,2015,1.0,0.0,1.0,1,0,0.0,0,32
WlAjpgEJqppa46tklQ49Ug,1,1,2015,2015,2015,1.0,0.0,5.0,5,0,0.0,0,75
-11rZ6onKMV1u0IH65zQ2A,2,2,2011,2011,2011,2.0,0.0,3.5,2,3,4.5,0,119.5
Lz8K-hY13DfyL3VRjkI5YA,4,4,2009,2011,2010,1.33333333333,4.0,3.75,5,3,6.75,0,155.125
fnB_x3MQ2EUO9DY3F3856w,4,4,2013,2015,2014,1.33333333333,4.0,3.25,5,4,12.75,0,48.75
_EHd-QyLC4E_t1V8bMlEPg,2,2,2015,2015,2015,2.0,0.0,5.0,5,0,0.0,0,18.5
RLes6KEZ9rwBC-n5_nlfjw,3,3,2014,2014,2014,3.0,0.0,3.66666666667,2,3,4.66666666667,0,278.25
VmVP4bMwQm5YY9YcpWvM6g,1,1,2014,2014,2014,1.0,0.0,5.0,5,0,0.0,0,59
VnGZK3XcyFlBgLPl0WQbQg,9,9,2014,2015,2014,4.5,2.0,4.0,5,4,24.0,0,421.765625
qxDyQkuMR1x1_cTNRNUH7w,72,72,2013,2013,2013,72.0,0.0,3.55555555556,4,4,93.7777777778,0,333.335113453
-lHoxXN7wja27eLNI0lQFg,19,19,2007,2011,2008,3.8,36.0,3.47368421053,4,4,26.7368421053,0,343.959133148
4t5aYwSZZrFTNJEl1Q-yyQ,1,1,2015,2015,2015,1.0,0.0,1.0,1,0,0.0,0,61
0eREqeJ6sgX1NmmFG01ZBw,1,1,2014,2014,2014,1.0,0.0,2.0,2,0,0.0,0,65
f5PvCovmFKJgMZpDhr0ALg,1,1,2014,2014,2014,1.0,0.0,5.0,5,0,0.0,0,133
-Exybtwohs_2FZ3j_Oo91g,8,8,2012,2015,2012,2.0,11.0,4.125,5,3,12.875,0,125.125
pUWBojIJtEamXGEZHfX-Nw,1,1,2013,2013,2013,1.0,0.0,5.0,5,0,0.0,0,40
oENfFo9CA0YduM-XqL7LVA,1,1,2009,2009,2009,1.0,0.0,1.0,1,0,0.0,0,562
Uocg20WJDoxw02xathZb7g,2,2,2015,2015,2015,2.0,0.0,4.5,4,1,0.5,0,161.0
wAx7UTABAysSN5C6S-Jv2Q,1,1,2015,2015,2015,1.0,0.0,5.0,5,0,0.0,0,108
bytLWZX-tVkMjBjc5UT6EA,2,2,2015,2015,2015,2.0,0.0,4.0,4,0,0.0,0,186.0
ZaxV_0daa67z9CZ0TndXJQ,2,2,2014,2015,2014,1.0,1.0,4.5,4,1,0.5,0,50.5
_Y1UQljtVoU2h1DmDMqlQQ,1,1,2015,2015,2015,1.0,0.0,5.0,5,0,0.0,0,52
iEQ82PjKn5_-KQtomyTv0A,2,2,2014,2015,2014,1.0,1.0,5.0,5,0,0.0,0,40.5
Ze0AikQ8UhboaCpDpWu93w,1,1,2014,2014,2014,1.0,0.0,1.0,1,0,0.0,0,50
NDkY_9oGDOo22Xpuctie2g,1,1,2013,2013,2013,1.0,0.0,5.0,5,0,0.0,0,54
zyYXmyCYBn-yBb_4xJ_maw,3,3,2008,2009,2008,1.5,1.0,3.33333333333,1,4,8.66666666667,0,144.75
umWUbm7643iPxa_5-j3VrQ,3,3,2013,2013,2013,3.0,0.0,2.33333333333,1,4,10.6666666667,0,201.5
fpJuOTJIEjr0RwCK9TZAuQ,1,1,2015,2015,2015,1.0,0.0,4.0,4,0,0.0,0,313
G1Klmvjh42v0PPY_0M4E6g,1,1,2015,2015,2015,1.0,0.0,5.0,5,0,0.0,0,23
iTZuRSMPMkC1PAQ8V0yY-g,2,2,2015,2015,2015,2.0,0.0,4.5,4,1,0.5,0,53.0
Hg6-4kb4g6D5VRmQwdnEFw,1,1,2014,2014,2014,1.0,0.0,3.0,3,0,0.0,0,27
gc3kycQW5WosDAmvxm7q4g,1,1,2014,2014,2014,1.0,0.0,5.0,5,0,0.0,0,23
g8y0gS0WU_yPBojwCeOE1Q,6,6,2011,2015,2013,1.2,17.0,3.66666666667,5,3,11.3333333333,0,130.46875
bEl774gTYU5MhIRfaGL_bw,1,1,2013,2013,2013,1.0,0.0,1.0,1,0,0.0,0,45
QfTtgJ6bc6m3uI2YTktLBw,1,1,2010,2010,2010,1.0,0.0,3.0,3,0,0.0,0,719
IXbQs1Zo63ZsXNiAPBQA6A,1,1,2015,2015,2015,1.0,0.0,5.0,5,0,0.0,0,14
xB3iXsHXRhMPfkZYY4Ol3w,5,5,2010,2015,2013,0.833333333333,16.0,3.8,4,3,4.8,0,237.75
slt4-V2JXIus1g3G8PiS7w,1,1,2015,2015,2015,1.0,0.0,2.0,2,0,0.0,0,27
z4gVKMnqc7-nq4MLiyd5Ug,1,1,2011,2011,2011,1.0,0.0,4.0,4,0,0.0,0,30
72efbeK72FcILjaR9uUqZQ,1,1,2015,2015,2015,1.0,0.0,5.0,5,0,0.0,0,198
pEoqsyVqlAN0OGV8XUPy-w,2,2,2015,2015,2015,2.0,0.0,5.0,5,0,0.0,0,158.0
f2DBJsZGjfvHRXdvzjoB2g,1,1,2013,2013,2013,1.0,0.0,1.0,1,0,0.0,0,59
6mNlDrxUSuHAzOa92eawQg,1,1,2013,2013,2013,1.0,0.0,5.0,5,0,0.0,0,74
6iKvxdhBAwrb7tPk4UgmcA,3,3,2014,2014,2014,3.0,0.0,3.66666666667,5,4,10.6666666667,0,58.75
1xIQNABYBjHtfqMYncJVnA,5,5,2014,2015,2014,2.5,3.0,4.0,5,3,8.0,0,245.125
RrUeopAPPBnI6zgHYZUqQw,1,1,2014,2014,2014,1.0,0.0,5.0,5,0,0.0,0,63
kMNJQispze_UwL7kGNUIuA,1,1,2015,2015,2015,1.0,0.0,5.0,5,0,0.0,0,20
YfJMz9EffZbqfNiW7AFHKg,1,1,2015,2015,2015,1.0,0.0,5.0,5,0,0.0,0,38
NK1XF05eAIy6N8WzJeEHOg,1,1,2015,2015,2015,1.0,0.0,5.0,5,0,0.0,0,195
9hW1QaZMHRQY5iiwiuNpUw,6,6,2012,2015,2012,1.5,9.0,3.33333333333,2,3,7.33333333333,0,185.90625
4pqVzCxPSvcvipqzTJ-ZKw,1,1,2010,2010,2010,1.0,0.0,2.0,2,0,0.0,0,168
DargK2oFs2Ou0sFHhBZNkQ,1,1,2013,2013,2013,1.0,0.0,1.0,1,0,0.0,0,124
m3Xtw_TclFReHJzEqmC9wQ,4,4,2011,2012,2011,2.0,3.0,4.75,5,1,0.75,0,133.75
9kJv4tvOQxBZVURgXNDqmg,1,1,2015,2015,2015,1.0,0.0,3.0,3,0,0.0,0,67
RkwXsINpIDZBY09n84KODw,1,1,2015,2015,2015,1.0,0.0,5.0,5,0,0.0,0,30
Ofdpb77tcimVR414_QFtqQ,1,1,2014,2014,2014,1.0,0.0,4.0,4,0,0.0,0,632
0SnABBiBGnttG9XXkn0UgQ,3,3,2013,2015,2013,1.0,4.0,3.66666666667,5,4,10.6666666667,0,65.0
rsSbo7jNTSLgNn96oOm9Qg,1,1,2013,2013,2013,1.0,0.0,5.0,5,0,0.0,0,176
Q0adchK2VefHBAlZ9rz-5A,13,13,2013,2014,2013,6.5,8.0,3.15384615385,4,4,21.6923076923,0,148.055908203
UOtIv9-3tf3QCrWb9pGtmQ,5,5,2014,2014,2014,5.0,0.0,3.6,4,3,5.2,0,132.625
cKlqHFXl1ooBZ5ljjfHojg,2,2,2014,2014,2014,2.0,0.0,4.5,4,1,0.5,0,229.0
pIs36JT0Q_jjrmTNrfT8Rg,1,1,2015,2015,2015,1.0,0.0,5.0,5,0,0.0,0,38
fiC9eCIoFRcOXoLrzZBOBw,1,1,2014,2014,2014,1.0,0.0,5.0,5,0,0.0,0,69
iXMc4KY3UUsl7IQdfH_GBQ,10,10,2013,2015,2013,3.33333333333,5.0,4.0,4,3,8.0,0,113.208984375
Ykwp6CnJf35FCFAnpkQCvA,2,2,2015,2015,2015,2.0,0.0,2.5,1,3,4.5,0,37.5
933IxEuFcbMU2Rqut-XFNg,6,6,2014,2014,2014,6.0,0.0,3.33333333333,2,3,7.33333333333,0,83.53125
CFlTRjze020XZh1VvrJsQA,2,2,2015,2015,2015,2.0,0.0,4.0,3,2,2.0,0,66.0
avVTK64ymhuubm7yHFDFhg,1,1,2011,2011,2011,1.0,0.0,5.0,5,0,0.0,0,119
GAbh3aVLjrwBuVh3Yj4uiw,2,2,2014,2014,2014,2.0,0.0,4.5,4,1,0.5,0,40.5
Sp7RL6uL4j51VbF8vkSd2Q,1,1,2015,2015,2015,1.0,0.0,5.0,5,0,0.0,0,58
cSlHoLD7T75rE-u92rqfEw,2,2,2014,2015,2014,1.0,1.0,1.0,1,0,0.0,0,74.0
1K1TPrKv7Gj5nNbQYM0sQw,5,5,2012,2015,2012,1.25,9.0,4.4,5,2,3.2,0,109.25
byNXdH7mSkbrkNac6PE8vQ,10,10,2012,2015,2013,2.5,12.0,4.5,5,4,14.5,0,68.615234375
UdOidqou92K5BfsDETRfvQ,1,1,2015,2015,2015,1.0,0.0,3.0,3,0,0.0,0,378
ZEALtCDAP2kpOaoSxUtSoQ,1,1,2015,2015,2015,1.0,0.0,1.0,1,0,0.0,0,234
rA10NhgvP3uZ_07qDKlj_Q,3,3,2014,2015,2014,1.5,2.0,3.66666666667,5,4,10.6666666667,0,86.5
N1luK7nO4aicmEJL_EjgHw,2,2,2010,2015,2012,0.333333333333,13.0,4.5,4,1,0.5,0,20.5
h3H_6qJMv0V5x10f-Y5y3g,1,1,2014,2014,2014,1.0,0.0,5.0,5,0,0.0,0,143
LJSh-1PA-9r4tDak6ccEiw,1,1,2013,2013,2013,1.0,0.0,1.0,1,0,0.0,0,147
e4E4DyYuomHtYGAAOEFVKQ,2,2,2015,2015,2015,2.0,0.0,4.0,3,2,2.0,0,86.0
uUHGChSw5Kap18IRsv16aw,1,1,2015,2015,2015,1.0,0.0,5.0,5,0,0.0,0,69
FbME98MzQY6tRwDcwJrYLg,1,1,2015,2015,2015,1.0,0.0,2.0,2,0,0.0,0,188
dyAkMaxkt8Uhklu5LoncpA,1,1,2009,2009,2009,1.0,0.0,5.0,5,0,0.0,0,52
argpDoy2EYTjZtCCDtsVOw,1,1,2015,2015,2015,1.0,0.0,5.0,5,0,0.0,0,84
OUGmPa1x3LH2LpzA-UqG2A,3,3,2012,2014,2012,1.0,4.0,2.66666666667,1,3,4.66666666667,0,63.75
b62WRRL_p88NPY-_tZVZNQ,1,1,2015,2015,2015,1.0,0.0,1.0,1,0,0.0,0,36
tm2dIHGLSF_a4dDIS80n0Q,3,3,2014,2014,2014,3.0,0.0,4.0,3,2,2.0,0,93.75
ZlA42qWYOHQOTWicPKaWOQ,5,5,2014,2015,2014,2.5,3.0,4.6,5,2,3.2,0,39.75
uZKRVzJDk2rIwrYaqtf2nw,32,32,2014,2014,2014,32.0,0.0,4.03125,4,3,22.96875,0,168.792477822
FfxpO50SHn9YkO9C3qqn3w,1,1,2012,2012,2012,1.0,0.0,5.0,5,0,0.0,0,238
clYQ7-t3gk4Z1RmazofRfA,6,6,2011,2014,2012,1.5,7.0,3.33333333333,5,4,19.3333333333,0,94.59375
_zguHFyOUsxPAEHRPYagWg,9,9,2012,2014,2012,3.0,5.0,4.11111111111,5,3,8.88888888889,0,260.0078125
nzFM-q30LMAU_nNOi5fMDg,1,1,2015,2015,2015,1.0,0.0,3.0,3,0,0.0,0,42
QmcEm4u2ioVtM90DvkTLbg,1,1,2014,2014,2014,1.0,0.0,4.0,4,0,0.0,0,67
eZyhloKPYePoWBAHw8iYwA,1,1,2015,2015,2015,1.0,0.0,5.0,5,0,0.0,0,17
5bbUtmtDWOfTlOH_b2_XWg,2,2,2012,2012,2012,2.0,0.0,3.5,2,3,4.5,0,105.5
jyEy3L8GQvMt_cs_7J6e9g,2,2,2014,2015,2014,1.0,1.0,3.0,1,4,8.0,0,74.0
kjvc8j5auBNBYR1aswktJg,1,1,2015,2015,2015,1.0,0.0,5.0,5,0,0.0,0,40
ClNTbgMTQOpO73QdcNG5_Q,2,2,2015,2015,2015,2.0,0.0,2.5,1,3,4.5,0,64.0
9grWfWBCR6y1T8WJs_MHHg,10,10,2015,2015,2015,10.0,0.0,4.9,5,1,0.9,0,65.306640625
87fH6oU4PI4mSSE3llDLxg,1,1,2012,2012,2012,1.0,0.0,4.0,4,0,0.0,0,128
t8ZOgzO-RzC-l2essPiweQ,1,1,2014,2014,2014,1.0,0.0,5.0,5,0,0.0,0,16
Cqa_QVOycuUMJp7GG-Jt1g,1,1,2014,2014,2014,1.0,0.0,4.0,4,0,0.0,0,45
YsyF_p5j6LuEZyehNud9vg,3,3,2011,2013,2012,1.0,2.0,1.0,1,0,0.0,0,109.25
RB_QpRNXGd_dSO171fY6cw,1,1,2012,2012,2012,1.0,0.0,5.0,5,0,0.0,0,19
zgLidWthM99iL62PIs5qdA,1,1,2015,2015,2015,1.0,0.0,5.0,5,0,0.0,0,56
HX9PzBrzm0g0POwTfjlmrQ,1,1,2013,2013,2013,1.0,0.0,5.0,5,0,0.0,0,53
5ww-e7w-UQ-UgK2iY3YXDA,2,2,2013,2015,2014,0.666666666667,2.0,5.0,5,0,0.0,0,112.0
NW-hIYgZmG_IvhR82BVWHg,1,1,2015,2015,2015,1.0,0.0,5.0,5,0,0.0,0,68
dJReRBmExsEsGcQPIukdEg,2,2,2010,2012,2011,0.666666666667,2.0,5.0,5,0,0.0,0,205.5
6hu98g9dQbCKL36cuyt_qg,2,2,2013,2015,2014,0.666666666667,2.0,2.5,1,3,4.5,0,74.0
q_9xw5uWn2FewMnKoSGWUQ,1,1,2014,2014,2014,1.0,0.0,4.0,4,0,0.0,0,57
BuagRYvun6Dim-yT6FYteQ,4,4,2015,2015,2015,4.0,0.0,4.0,4,2,2.0,0,104.375
mp_dyvQMDenghGKtDNDkhw,2,2,2015,2015,2015,2.0,0.0,5.0,5,0,0.0,0,53.5
TR0TnO7gg7sgL7JC9vwpPw,7,7,2012,2015,2013,1.75,8.0,4.0,5,4,18.0,0,154.53125
aFvQaRZPr74OmjxgwbUBJw,1,1,2013,2013,2013,1.0,0.0,5.0,5,0,0.0,0,29
9iJ8YKE3lqFVeg63TZmScQ,3,3,2013,2015,2013,1.0,4.0,1.0,1,0,0.0,0,100.25
tVs8I5czhEvn44OG_-_NLA,2,2,2014,2014,2014,2.0,0.0,3.0,1,4,8.0,0,76.5
MARATlGPdLpYSMIRyBraiQ,1,1,2014,2014,2014,1.0,0.0,1.0,1,0,0.0,0,160
U0gzPE9R-70wf5HmWhqWNg,1,1,2014,2014,2014,1.0,0.0,4.0,4,0,0.0,0,6
AceRdcqMFE4uI83RVPsmWg,3,3,2013,2015,2014,1.0,3.0,2.33333333333,1,4,10.6666666667,0,114.25
BeKGaUuFXhypaohmBIw03w,1,1,2015,2015,2015,1.0,0.0,1.0,1,0,0.0,0,37
wFtR6MXv9KcyTIPvjZW3ug,9,9,2012,2015,2013,2.25,12.0,4.55555555556,5,1,2.22222222222,0,151.96875
1uqto-bAVbhaIzWd5IRm_Q,2,2,2006,2013,2009,0.25,25.0,3.0,1,4,8.0,0,66.0
ypfGLg_tJCCBW1mA_zfc6g,1,1,2012,2012,2012,1.0,0.0,1.0,1,0,0.0,0,87
uZJIcAzWPICUb8xSSkBVqw,2,2,2014,2014,2014,2.0,0.0,4.5,4,1,0.5,0,39.5
jqBvDKETMvdEe30Neth9GQ,5,5,2010,2010,2010,5.0,0.0,4.4,4,1,1.2,0,175.625
JyZjNUAV_rEZA_El7X5iVQ,12,12,2010,2012,2010,4.0,19.0,3.83333333333,5,4,29.6666666667,0,91.8510742188
TFIDGWRn6BooOVznqaznZg,1,1,2015,2015,2015,1.0,0.0,5.0,5,0,0.0,0,59
jv-KI5l6q6WKwWP4PhMG2A,8,8,2015,2015,2015,8.0,0.0,3.875,4,3,10.875,0,75.2890625
u7rNt7Yaf7isk8WSuuCHCw,6,6,2011,2015,2013,1.2,17.0,2.16666666667,1,4,12.8333333333,0,41.625
1TmZpN1K6HfSxhIwDK03Dg,1,1,2015,2015,2015,1.0,0.0,1.0,1,0,0.0,0,285
XlR3FWYf7-NJin02GxeBAg,2,2,2013,2014,2013,1.0,1.0,5.0,5,0,0.0,0,106.0
Ww-PBJZZWWAnI6vzGyb-Ng,1,1,2013,2013,2013,1.0,0.0,5.0,5,0,0.0,0,213
n0GMDJ-RPfGoNU2Thdm11A,1,1,2014,2014,2014,1.0,0.0,5.0,5,0,0.0,0,141
ABrN5olBC_YAUgs55-OUyg,1,1,2015,2015,2015,1.0,0.0,1.0,1,0,0.0,0,99
On4T6ebWlX8QH8IO6sGJIg,1,1,2010,2010,2010,1.0,0.0,5.0,5,0,0.0,0,267
KyejH5tNtNmTZc9k8S8H9g,2,2,2013,2014,2013,1.0,1.0,4.5,4,1,0.5,0,164.0
_p9vJl40P57AXp_0_VvRkw,1,1,2012,2012,2012,1.0,0.0,4.0,4,0,0.0,0,171
JF7McbVCM1EUDy2ERScKDw,2,2,2015,2015,2015,2.0,0.0,5.0,5,0,0.0,0,35.0
W2TJvyVVfXHv_fjYddcCIA,2,2,2015,2015,2015,2.0,0.0,2.5,1,3,4.5,0,87.5
vi-wUpR5yYp_Fb7o-EF2OQ,8,8,2015,2015,2015,8.0,0.0,3.5,5,4,20.0,0,30.953125
wgV9XNunUxtpHLKmXNR5lQ,8,8,2009,2014,2010,1.33333333333,23.0,4.0,4,2,4.0,0,116.0390625
IPnjMf7DdoYCJdKyYVEHOw,101,101,2011,2015,2013,20.2,40.0,3.49504950495,4,4,123.247524752,0,75.0471334948
02zvoWM4wwt7q6NM4soBpw,5,5,2015,2015,2015,5.0,0.0,4.0,5,4,12.0,0,38.1875
l5KxGnboENNYfPqXuQ2yrQ,2,2,2013,2014,2013,1.0,1.0,5.0,5,0,0.0,0,88.5
TpAIaK6EH_uEOFn5KbsjUA,3,3,2013,2015,2013,1.0,4.0,5.0,5,0,0.0,0,110.0
T94ikhRCERTkDttfUB6msg,2,2,2015,2015,2015,2.0,0.0,4.0,4,0,0.0,0,25.0
BkgkIO9QnlNZGNgtID42oA,15,15,2011,2015,2013,3.0,36.0,3.2,5,4,40.4,0,73.160949707
EPs3l8czidjynbOa0RlotQ,1,1,2013,2013,2013,1.0,0.0,3.0,3,0,0.0,0,264
hfN7BnD66nGEKoy32jdUQA,1,1,2015,2015,2015,1.0,0.0,5.0,5,0,0.0,0,32
J_AKPlc7tqhqjT_nRapamw,1,1,2013,2013,2013,1.0,0.0,1.0,1,0,0.0,0,110
8-zclV_FaJ95UM05DdIIEA,3,3,2013,2014,2013,1.5,1.0,2.33333333333,1,4,10.6666666667,0,54.75
mRb2BHehoRQ4GKSWIuHoZw,1,1,2015,2015,2015,1.0,0.0,5.0,5,0,0.0,0,26
TOv2yLZIPTxpavEdeG8ZqA,3,3,2012,2015,2013,0.75,6.0,3.33333333333,2,3,4.66666666667,0,96.0
NI0HgvK6BlDPf2X41gItcQ,1,1,2010,2010,2010,1.0,0.0,5.0,5,0,0.0,0,59
cjcrm_fs27vs-qw3Biw3hw,1,1,2011,2011,2011,1.0,0.0,5.0,5,0,0.0,0,208
2qkHJ1oqE01DovTqpqCC0Q,26,26,2009,2015,2010,3.71428571429,119.0,4.26923076923,5,4,25.1153846154,0,64.9022073746
R6y02_ynzdrr3uf-FM2FBQ,69,69,2012,2014,2012,23.0,88.0,3.42028985507,4,4,104.811594203,0,213.889876326
WMmwmRJdLVyYlIMS0cvjaw,2,2,2015,2015,2015,2.0,0.0,4.5,4,1,0.5,0,68.5
OtotYdbuel0Z4hhAabWBJw,9,9,2015,2015,2015,9.0,0.0,3.88888888889,4,3,8.88888888889,0,78.5703125
kriTgd4C-sodTd8tt8BL6g,1,1,2015,2015,2015,1.0,0.0,5.0,5,0,0.0,0,45
0CNPJpDwG6bFWyMPkuVOWQ,3,3,2015,2015,2015,3.0,0.0,2.33333333333,1,3,4.66666666667,0,31.5
DfuYh5xnsRtShbnFGfKuAw,3,3,2015,2015,2015,3.0,0.0,5.0,5,0,0.0,0,153.75
znxTX3tDCRZBIOLXUSZ36w,1,1,2014,2014,2014,1.0,0.0,4.0,4,0,0.0,0,25
6stAUX3eJlVHsKZzhNYCXw,1,1,2015,2015,2015,1.0,0.0,5.0,5,0,0.0,0,9
2gEeg7vreSrlHOgh1lkj7w,1,1,2013,2013,2013,1.0,0.0,4.0,4,0,0.0,0,40
bn3XIPr9uS6Lf2Vh-pqzdg,1,1,2015,2015,2015,1.0,0.0,2.0,2,0,0.0,0,63
LzADSwxgGH2tVIdLu1p5JQ,1,1,2015,2015,2015,1.0,0.0,4.0,4,0,0.0,0,48
M6oZyb6fe5W2JXVQ3so05A,3,3,2012,2012,2012,3.0,0.0,4.33333333333,5,2,2.66666666667,0,31.75
VP7Wpf8O0rTuRoC7kIs_rg,2,2,2015,2015,2015,2.0,0.0,5.0,5,0,0.0,0,32.5
fd3UXbs6hyUwPCzkeYaKwA,1,1,2011,2011,2011,1.0,0.0,4.0,4,0,0.0,0,113
q2Wn5Avv2vJnwpJyiY7cpA,1,1,2015,2015,2015,1.0,0.0,5.0,5,0,0.0,0,131
wzhSS6pYz5qKJTuUBSEmgA,1,1,2014,2014,2014,1.0,0.0,1.0,1,0,0.0,0,102
AlNP6MrpXMcSjj4tel67LA,2,2,2015,2015,2015,2.0,0.0,2.5,1,3,4.5,0,106.0
wqAnLGbKqGrbpiAWlsTgcw,1,1,2015,2015,2015,1.0,0.0,5.0,5,0,0.0,0,65
_YSL11DjVbUNwKWw34A1hA,1,1,2014,2014,2014,1.0,0.0,5.0,5,0,0.0,0,25
KHwYAhMtKvcuUA8PXm5hGA,1,1,2015,2015,2015,1.0,0.0,1.0,1,0,0.0,0,20
jWa1oQ4TdTxAjm4ulPWTSg,1,1,2012,2012,2012,1.0,0.0,1.0,1,0,0.0,0,81
8sqnv0Ik4G3wKcVxfQ83SQ,7,7,2012,2013,2012,3.5,3.0,3.14285714286,4,2,4.85714285714,0,167.65625
RNROqss6RfLnjre68R-cEg,1,1,2015,2015,2015,1.0,0.0,5.0,5,0,0.0,0,35
imbfpCQa-3PYKH7bmiQvvQ,2,2,2011,2011,2011,2.0,0.0,4.5,4,1,0.5,0,19.0
7qmyFHxKSu6fJW76fwzhRw,1,1,2012,2012,2012,1.0,0.0,5.0,5,0,0.0,0,12
-Oza2rSkWsSzZcU3hbEe3Q,2,2,2011,2011,2011,2.0,0.0,2.0,1,2,2.0,0,145.5
gNoTOZf-abUkkXp7j89WFw,2,2,2014,2014,2014,2.0,0.0,4.0,3,2,2.0,0,54.5
gJj0NtFWeCNARDl1afNJlw,2,2,2011,2014,2012,0.5,5.0,3.5,3,1,0.5,0,108.5
5T1A_Z2Nf1L11cCuWoAebg,1,1,2014,2014,2014,1.0,0.0,5.0,5,0,0.0,0,27
tZUF1FbVpeYXphXtVY1lVA,3,3,2015,2015,2015,3.0,0.0,1.66666666667,1,2,2.66666666667,0,93.25
XLkMPF6LrHTVPxC_Y5AHig,1,1,2015,2015,2015,1.0,0.0,1.0,1,0,0.0,0,127
l2hMz4F-xXsDgZ1UHT_1uQ,1,1,2015,2015,2015,1.0,0.0,5.0,5,0,0.0,0,49
We2aVkCr7F8OPDnLFCQ0sA,1,1,2014,2014,2014,1.0,0.0,5.0,5,0,0.0,0,19
hIyskOSZeeKL-tookcBMeg,5,5,2014,2015,2014,2.5,1.0,5.0,5,0,0.0,0,42.3125
Iq8B38FekVRwsb_1Y4mfhA,1,1,2014,2014,2014,1.0,0.0,5.0,5,0,0.0,0,166
5VZzh7SAnbPIhB2n8OKOHQ,1,1,2014,2014,2014,1.0,0.0,2.0,2,0,0.0,0,62
U4x3mN7jCwThoTcS0B4yIQ,1,1,2014,2014,2014,1.0,0.0,5.0,5,0,0.0,0,263
8S3J2omDQ2n06vXl7xp--g,1,1,2014,2014,2014,1.0,0.0,1.0,1,0,0.0,0,33
AVvdgLUsRHZDeO9CCk-nnA,1,1,2015,2015,2015,1.0,0.0,3.0,3,0,0.0,0,23
8gM0VBG-5vlS7teGszclKQ,12,12,2009,2009,2009,12.0,0.0,4.16666666667,5,3,17.6666666667,0,155.285644531
3_44x42cx8lvx0CTEPRf5w,2,2,2015,2015,2015,2.0,0.0,2.5,1,3,4.5,0,41.5
SiCsQtUV-iNEXNccIaQVaQ,4,4,2011,2012,2011,2.0,3.0,3.75,4,3,4.75,0,136.375
c5cLig9YQt-Qzmk0_9kdeg,1,1,2010,2010,2010,1.0,0.0,5.0,5,0,0.0,0,135
lXOo2JQQ044vD2imhVcCkw,1,1,2015,2015,2015,1.0,0.0,5.0,5,0,0.0,0,12
mJsGi1q0CeHjv-f9w2thSg,11,11,2012,2015,2013,2.75,22.0,3.45454545455,4,4,18.7272727273,0,151.625976562
ZZJWP40mbzI-Rfp9MGPMRw,1,1,2015,2015,2015,1.0,0.0,5.0,5,0,0.0,0,95
UwoLuPvpnyaK3ivQgtE8nQ,3,3,2014,2014,2014,3.0,0.0,3.33333333333,4,2,2.66666666667,0,52.0
t6a9YtVKVUEn6Zk8Z8R5eQ,1,1,2015,2015,2015,1.0,0.0,5.0,5,0,0.0,0,108
GXLngNuIL1cyqIbis8W95g,9,9,2011,2015,2013,1.8,15.0,4.44444444444,5,3,8.22222222222,0,200.32421875
Ppbj8TyhHzQ93lD0M1DPEw,1,1,2015,2015,2015,1.0,0.0,1.0,1,0,0.0,0,52
DLPp-rHVvZaHnS3D0ja65Q,3,3,2013,2013,2013,3.0,0.0,2.66666666667,1,4,8.66666666667,0,64.25
eguWGySfOJlw8URCHrv06Q,1,1,2014,2014,2014,1.0,0.0,4.0,4,0,0.0,0,75
OGTSUm51Bn1pbrgZLZ1yOQ,1,1,2014,2014,2014,1.0,0.0,4.0,4,0,0.0,0,49
NT3yjrw3ZaE9fC9XUYMuKQ,1,1,2015,2015,2015,1.0,0.0,1.0,1,0,0.0,0,46
2XDXvET9ozgbGQXsQrWW2w,3,3,2014,2014,2014,3.0,0.0,3.33333333333,4,2,2.66666666667,0,28.75
Q9oYRcyvex4iTKtvlSbF0w,1,1,2015,2015,2015,1.0,0.0,5.0,5,0,0.0,0,76
WHC5b-kfqIuBhQE1SdogAA,2,2,2012,2012,2012,2.0,0.0,4.0,4,0,0.0,0,72.5
d-h_d5NI2T0TC84I1tmFJw,1,1,2012,2012,2012,1.0,0.0,5.0,5,0,0.0,0,77
ql_sAr4RhmOb_S50pLBM1g,2,2,2014,2014,2014,2.0,0.0,3.0,1,4,8.0,0,201.5
mkcEXuo0nGuUGYXeSZQE6A,5,5,2014,2015,2014,2.5,3.0,4.2,4,2,2.8,0,83.875
Im1LKskM3n6tsB-h7yeDOg,2,2,2014,2015,2014,1.0,1.0,3.5,3,1,0.5,0,174.0
pFTCRm0scr7GCZlju1BQ7A,5,5,2014,2014,2014,5.0,0.0,4.2,5,3,6.8,0,49.375
U3-7BEGmMjkWm0AGa9i9Yw,1,1,2013,2013,2013,1.0,0.0,5.0,5,0,0.0,0,301
cuM9JfU0HIF3NNWNE9Ld9g,5,5,2014,2015,2014,2.5,4.0,2.8,1,4,12.8,0,64.625
IPVjzW2q0lw-pDpqUEwB6A,2,2,2015,2015,2015,2.0,0.0,1.5,1,1,0.5,0,50.0
2OsHpCGghnwib3bfZQf1zw,1,1,2015,2015,2015,1.0,0.0,4.0,4,0,0.0,0,107
3Pob7iIZe9T2ZdzLVl9xPQ,3,3,2012,2015,2014,0.75,6.0,3.33333333333,4,2,2.66666666667,0,70.5
K3NRb6VHTiflKj6eiV3PpA,4,4,2011,2015,2012,0.8,12.0,5.0,5,0,0.0,0,58.375
JR7SC-Y7tjQ-LxQx-X27hw,62,62,2008,2011,2009,15.5,34.0,3.98387096774,4,4,70.9838709677,0,180.141091673
g6ZBSy2fWVKRRhgjqQgpoA,1,1,2015,2015,2015,1.0,0.0,5.0,5,0,0.0,0,22
IMxwaU0Z6wEmQEFa9YR6nA,4,4,2014,2015,2014,2.0,3.0,3.0,1,4,16.0,0,79.375
0zfHxm-mG5Z50nSg_26GJg,9,9,2014,2015,2014,4.5,2.0,2.33333333333,1,4,26.0,0,111.08984375
Z0eisoo_dKYWSz87BCBUNg,1,1,2014,2014,2014,1.0,0.0,5.0,5,0,0.0,0,31
4K7ZIZiXIMOxp2BV0rdIBg,1,1,2012,2012,2012,1.0,0.0,3.0,3,0,0.0,0,140
k2RJus8ZZpGjx5CdOiEFrQ,1,1,2014,2014,2014,1.0,0.0,5.0,5,0,0.0,0,77
s3dtdfKAqLQouHc_vE_MCw,5,5,2015,2015,2015,5.0,0.0,3.6,5,4,15.2,0,117.75
hEW9N4JStwFiAYTcCu7o6Q,2,2,2007,2007,2007,2.0,0.0,3.0,2,2,2.0,0,59.5
tM8uosE5omx59ZoYl9OLKg,1,1,2015,2015,2015,1.0,0.0,2.0,2,0,0.0,0,40
vKV3715g6ccRIuaNKpRwhQ,1,1,2015,2015,2015,1.0,0.0,5.0,5,0,0.0,0,62
LxZ5RaVZU_Ibdc3RYhtZiA,1,1,2012,2012,2012,1.0,0.0,4.0,4,0,0.0,0,38
G0tLcPkmGuuhBUcryy22EA,1,1,2015,2015,2015,1.0,0.0,5.0,5,0,0.0,0,64
CnYzTcvVsuZ2_YU1OXkgMA,2,2,2013,2014,2013,1.0,1.0,2.0,1,2,2.0,0,20.0
Ggq2edq7twEhQE1-UtlzPw,3,3,2012,2015,2014,0.75,6.0,2.33333333333,1,4,10.6666666667,0,94.25
qWWxYsPSk1AXQtXL2YdKZQ,3,3,2013,2014,2013,1.5,1.0,4.0,5,3,6.0,0,44.0
lyz5VR5-aJzi-HegGaoLSw,1,1,2012,2012,2012,1.0,0.0,5.0,5,0,0.0,0,73
yCo-hhHKUguRbUrGEiDEng,1,1,2014,2014,2014,1.0,0.0,5.0,5,0,0.0,0,23
2NfpWMYeSJ4EfJwANRnxiw,6,6,2014,2015,2014,3.0,5.0,4.33333333333,4,1,1.33333333333,0,85.84375
ItHqXWu1nmn_Aq0jYPj8hw,14,14,2014,2015,2014,7.0,12.0,3.21428571429,5,4,36.3571428571,0,154.548583984
Akr-_Ii5PSVAX7TcyefCZQ,1,1,2014,2014,2014,1.0,0.0,5.0,5,0,0.0,0,271
oOtY2_WP5E5q9UuwOQgvSA,1,1,2015,2015,2015,1.0,0.0,4.0,4,0,0.0,0,37
myvSHgw7RwQVK_ob9rmv3g,1,1,2014,2014,2014,1.0,0.0,5.0,5,0,0.0,0,22
aIQEXAElvupm7DhC7WtWVw,14,14,2009,2015,2013,2.0,52.0,4.5,5,2,5.5,0,73.4034423828
9IDcR7jQ_GdK7RBen2vJnA,2,2,2012,2015,2013,0.5,5.0,1.0,1,0,0.0,0,593.5
k0ve_89W6D-qkkm_r_nMVg,1,1,2015,2015,2015,1.0,0.0,3.0,3,0,0.0,0,44
fA8HNjtgcHyBaY7fuml7Pg,1,1,2014,2014,2014,1.0,0.0,5.0,5,0,0.0,0,432
uaONOBlNLVCgGDYyCLR6Wg,1,1,2015,2015,2015,1.0,0.0,2.0,2,0,0.0,0,57
o22C4GhMh0mv9ldqPD0f1g,11,11,2012,2015,2014,2.75,7.0,4.18181818182,5,3,13.6363636364,0,100.8515625
bKcUasFHIIbyowua0eo0BQ,1,1,2015,2015,2015,1.0,0.0,4.0,4,0,0.0,0,66
I2_bGQ18Ea6R81ewPhKqMQ,2,2,2010,2011,2010,1.0,1.0,4.0,4,0,0.0,0,113.5
tuDwi2NdHtRgCgmKnncSIQ,2,2,2015,2015,2015,2.0,0.0,5.0,5,0,0.0,0,40.0
q2N-0pp56lp5Ndx0C5sSUw,2,2,2011,2011,2011,2.0,0.0,4.5,4,1,0.5,0,57.5
KN8m-Oz7i9fPTX38n5G8Bg,8,8,2014,2014,2014,8.0,0.0,3.625,4,4,11.875,0,41.015625
71L7BTk0Re0CSWG5rzyG3A,2,2,2015,2015,2015,2.0,0.0,4.5,4,1,0.5,0,62.0
nYdp3KkGQvDShz8ycEPIBQ,3,3,2012,2014,2012,1.0,4.0,3.66666666667,2,3,4.66666666667,0,78.0
gslElpfKPhu-ma1Rz2e96A,1,1,2011,2011,2011,1.0,0.0,4.0,4,0,0.0,0,109
XQB2yXCfsO-Fti7PM-K-bQ,1,1,2012,2012,2012,1.0,0.0,2.0,2,0,0.0,0,487
bPtEcJYVBeyRlJ8hCRN1Iw,1,1,2015,2015,2015,1.0,0.0,5.0,5,0,0.0,0,15
dPMt_mM_rZ8eCGKqOIDxvA,1,1,2013,2013,2013,1.0,0.0,5.0,5,0,0.0,0,72
fXNgmwS-qeJvQT-T6b9a8w,1,1,2015,2015,2015,1.0,0.0,4.0,4,0,0.0,0,72
-_wPZLnJQmKbXcLhj04sfg,2,2,2014,2015,2014,1.0,1.0,5.0,5,0,0.0,0,199.5
eMMJmjLxhMpuQoTnlh_JbA,1,1,2015,2015,2015,1.0,0.0,1.0,1,0,0.0,0,53
2JjS3AWXEiNiYQ_6_v9zVQ,1,1,2014,2014,2014,1.0,0.0,5.0,5,0,0.0,0,73
2V3vJZtGkSBoUXO3FzK3Sg,1,1,2015,2015,2015,1.0,0.0,2.0,2,0,0.0,0,161
OaZ2Ce4zMLa3OH2SIM-mEg,1,1,2015,2015,2015,1.0,0.0,5.0,5,0,0.0,0,51
2WO9T68fgYiK8HlKxkOHow,3,3,2013,2015,2014,1.0,2.0,3.66666666667,5,4,10.6666666667,0,31.5
csNALHN2BVA7hVgC9ge-VQ,92,92,2012,2015,2014,23.0,95.0,3.71739130435,4,4,88.652173913,0,558.20252455
y3j0bfQsJBiuavkj5b7yzw,1,1,2015,2015,2015,1.0,0.0,2.0,2,0,0.0,0,16
PkZFkFFP7iXxc730mavxsw,4,4,2012,2015,2013,1.0,10.0,5.0,5,0,0.0,0,34.25
mIaZMnYusVvaLZtqimw_Cw,4,4,2011,2015,2014,0.8,12.0,4.5,4,1,1.0,0,495.0
JCFH4HVPvdJ5DG-QBM036Q,1,1,2015,2015,2015,1.0,0.0,5.0,5,0,0.0,0,19
e7qmqBNkU9sjWhPoghE-YQ,1,1,2015,2015,2015,1.0,0.0,5.0,5,0,0.0,0,23
CouRsGrq_eykdnEYU9iTOw,1,1,2015,2015,2015,1.0,0.0,5.0,5,0,0.0,0,194
rnR8Cd1KVezBLwf8viLaHA,1,1,2014,2014,2014,1.0,0.0,1.0,1,0,0.0,0,62
4-f1Xo7k7u5153RhIwh3JQ,2,2,2014,2014,2014,2.0,0.0,5.0,5,0,0.0,0,58.5
Gt9wIMme5Y5Uz6NehSX9Mw,3,3,2010,2010,2010,3.0,0.0,4.0,3,2,2.0,0,174.0
bBJPLo5yhjftz6SVB4wfOA,3,3,2011,2014,2012,0.75,6.0,3.66666666667,2,3,4.66666666667,0,78.75
vzEZtML5vpDIRijkaImr5w,1,1,2014,2014,2014,1.0,0.0,5.0,5,0,0.0,0,24
2ucUeh_YFYBgqoqtwpA6MQ,4,4,2014,2014,2014,4.0,0.0,5.0,5,0,0.0,0,62.75
EVuYJreQl49A3X92DwUpNg,1,1,2015,2015,2015,1.0,0.0,1.0,1,0,0.0,0,46
1H93KyidWxuLGBiJMp6Nyg,12,12,2014,2014,2014,12.0,0.0,3.16666666667,3,3,9.66666666667,0,88.3798828125
o93g62vpTsRbTfGpjYwDTA,2,2,2014,2014,2014,2.0,0.0,3.0,1,4,8.0,0,77.0
RjZC6AaAcBttmdmvJBAKsg,4,4,2012,2014,2013,1.33333333333,4.0,3.25,2,3,6.75,0,125.125
bRwcVFXHZUT_rmaoMZWxXQ,1,1,2015,2015,2015,1.0,0.0,5.0,5,0,0.0,0,162
YSuYVONF2kcrnX4NuKME6g,1,1,2014,2014,2014,1.0,0.0,5.0,5,0,0.0,0,26
mRO5aic4gpzarvBeHlE3qg,1,1,2014,2014,2014,1.0,0.0,5.0,5,0,0.0,0,92
dadMDejclyvFoTlBpq7Hlg,1,1,2010,2010,2010,1.0,0.0,5.0,5,0,0.0,0,62
Bvh7y-yboj87ge1hzMwfug,2,2,2014,2015,2014,1.0,1.0,3.5,3,1,0.5,0,72.0
KcI2VGSvRhLAmw6vZrc8WQ,103,103,2009,2015,2010,14.7142857143,445.0,3.33009708738,5,4,264.776699029,0,260.97665749
TTLyCqxboX2GTE2A0WTlJg,1,1,2015,2015,2015,1.0,0.0,4.0,4,0,0.0,0,28
SErXar8-Kx_IQGa7nENfDw,1,1,2015,2015,2015,1.0,0.0,5.0,5,0,0.0,0,70
CuOQWaXGCsJSPqhIXypEfg,1,1,2015,2015,2015,1.0,0.0,5.0,5,0,0.0,0,96
LNj0S3BeubF2MJZCC6kSqg,2,2,2014,2014,2014,2.0,0.0,4.5,4,1,0.5,0,78.5
E2Q-Z_f9l52zkLUIYjj7_A,1,1,2015,2015,2015,1.0,0.0,5.0,5,0,0.0,0,158
Pl8Z-vrOHKZaMfrYAWKDyw,4,4,2011,2015,2012,0.8,11.0,2.75,4,3,6.75,0,39.625
guu-E1hL8FpqVfFinJDHZA,1,1,2015,2015,2015,1.0,0.0,5.0,5,0,0.0,0,83
UZ6MNkLT2RVixN73mG3UQQ,3,3,2011,2011,2011,3.0,0.0,3.0,2,2,2.0,0,169.75
l5H4C5kChxr2X0SVqdHFsA,1,1,2014,2014,2014,1.0,0.0,5.0,5,0,0.0,0,71
5RZGiokGqPTjCZCslWU9Bg,5,5,2015,2015,2015,5.0,0.0,3.8,5,4,12.8,0,155.875
XkD-YDRL3AzaRlI18tsVAg,3,3,2015,2015,2015,3.0,0.0,4.66666666667,5,1,0.666666666667,0,64.0
M36Sr3qAig8RJgWh1dt_aQ,1,1,2014,2014,2014,1.0,0.0,4.0,4,0,0.0,0,141
3KVDd3WBzr3SMVlp9RrwXQ,1,1,2014,2014,2014,1.0,0.0,3.0,3,0,0.0,0,69
Ymv7mgnmiClmMThXjRs0IQ,1,1,2015,2015,2015,1.0,0.0,5.0,5,0,0.0,0,161
HdNX3lNam5uC3QSkJ2bWOA,3,3,2013,2015,2013,1.0,4.0,5.0,5,0,0.0,0,115.0
t2sBog4AegU7z25fpLzwOA,5,5,2013,2014,2013,2.5,3.0,2.6,1,4,19.2,0,37.75
Qb56ukC5oetZ0NoLXiwxaA,3,3,2015,2015,2015,3.0,0.0,5.0,5,0,0.0,0,32.25
-iEdLn-Zn9Rq0SO_F10YNw,1,1,2014,2014,2014,1.0,0.0,5.0,5,0,0.0,0,24
Ih13qG35m4_k0-5ZLEFxwQ,1,1,2013,2013,2013,1.0,0.0,5.0,5,0,0.0,0,178
86z5Zb82L2kzbYlPxJGZ-A,1,1,2015,2015,2015,1.0,0.0,5.0,5,0,0.0,0,42
c76GBzfGVFCP0UJTskxpmQ,1,1,2013,2013,2013,1.0,0.0,2.0,2,0,0.0,0,456
BeRKc4TCkWEsZZlxITmRLA,7,7,2011,2015,2014,1.4,12.0,2.42857142857,1,4,19.7142857143,0,135.140625
Y-p1tKSEXncG30MN03FcRg,2,2,2015,2015,2015,2.0,0.0,3.0,1,4,8.0,0,68.0
E9AnsBSweLHF-aq_HohBiQ,3,3,2012,2012,2012,3.0,0.0,4.33333333333,4,1,0.666666666667,0,69.5
GSR-YWurVtyl_t-bC7ljyg,57,57,2012,2015,2013,14.25,18.0,3.59649122807,4,4,55.7192982456,0,315.406098415
VIvnW8q-ysC1YQZZhx-Pbw,1,1,2011,2011,2011,1.0,0.0,1.0,1,0,0.0,0,20
EVZ7Qon3nq46-CWp_46Wpg,1,1,2014,2014,2014,1.0,0.0,5.0,5,0,0.0,0,69
NQpSKK0oMsul_VcOe-jfNw,1,1,2014,2014,2014,1.0,0.0,5.0,5,0,0.0,0,40
PHQt9ft7eqT_tKLo3TDdAQ,4,4,2010,2014,2012,0.8,12.0,4.5,4,1,1.0,0,62.0
L4FcEpvClT4qZ32XKJOWsQ,2,2,2014,2014,2014,2.0,0.0,5.0,5,0,0.0,0,34.0
i7FJZ6oJiYzURRIQXrPdPA,1,1,2015,2015,2015,1.0,0.0,5.0,5,0,0.0,0,62
8j5GW6eoXiTTxefesTgiDA,1,1,2015,2015,2015,1.0,0.0,5.0,5,0,0.0,0,127
mi5s5-dfZnDeRY1DuIYg8g,1,1,2014,2014,2014,1.0,0.0,5.0,5,0,0.0,0,94
7d5K78hBiH5dqi7m_r1pjw,1,1,2015,2015,2015,1.0,0.0,1.0,1,0,0.0,0,230
WEmuas5q_R2E2VFvMobTAg,1,1,2012,2012,2012,1.0,0.0,4.0,4,0,0.0,0,8
EIlMChchWlUX0LpieyNPCQ,1,1,2008,2008,2008,1.0,0.0,1.0,1,0,0.0,0,135
b7L3SLMO-tTCiW7SlIKvUQ,1,1,2015,2015,2015,1.0,0.0,5.0,5,0,0.0,0,66
BkFJqk8C7ki8rl4m1CzC-Q,3,3,2013,2013,2013,3.0,0.0,4.33333333333,4,1,0.666666666667,0,100.75
59rkJRmEAwvOu_bfqFmDQQ,2,2,2015,2015,2015,2.0,0.0,4.5,4,1,0.5,0,75.0
OhhLrD9HQA1XhtP4z2Y9QA,1,1,2015,2015,2015,1.0,0.0,1.0,1,0,0.0,0,48
EDndqNT2Zglc4XQamqjAwA,1,1,2013,2013,2013,1.0,0.0,5.0,5,0,0.0,0,57
2RjmVUg49RJ2d7HimIRZCw,3,3,2014,2014,2014,3.0,0.0,2.33333333333,1,3,4.66666666667,0,87.0
rY2n3dRxDo-TE1grekf3Bg,1,1,2015,2015,2015,1.0,0.0,5.0,5,0,0.0,0,47
cHC5p7qev_NLli-Lbnp_mg,3,3,2011,2015,2013,0.6,12.0,4.66666666667,5,1,0.666666666667,0,60.0
lgUMu7tbxKzTHdmgoRwdeg,1,1,2014,2014,2014,1.0,0.0,1.0,1,0,0.0,0,46
I2YInrnnZiOHLqSSPqTzxg,1,1,2014,2014,2014,1.0,0.0,1.0,1,0,0.0,0,222
vqJHG-L_IBqsa3Cnp1TuyA,4,4,2015,2015,2015,4.0,0.0,4.25,5,2,2.75,0,42.625
A3zQiM7FTkDyHITssLZeAg,1,1,2010,2010,2010,1.0,0.0,2.0,2,0,0.0,0,60
3ntOyn3q5d1PLI4MwGfKzw,1,1,2015,2015,2015,1.0,0.0,1.0,1,0,0.0,0,53
SVltEkkLdXYrqZNTTC7-ag,1,1,2015,2015,2015,1.0,0.0,5.0,5,0,0.0,0,168
h_4uRMYkx6o5ldX54Y8YXQ,3,3,2014,2014,2014,3.0,0.0,3.66666666667,5,4,10.6666666667,0,48.75
bUjVCdMEdlHUZTj-uiBLUQ,1,1,2007,2007,2007,1.0,0.0,4.0,4,0,0.0,0,504
G9FeLEo2mw5nbkVlo6Yr2w,4,4,2015,2015,2015,4.0,0.0,4.75,5,1,0.75,0,78.0
55xmpbApf4riQwx28sJtrw,2,2,2012,2015,2013,0.5,5.0,1.5,1,1,0.5,0,173.0
UkhNAGzceo0NWzayf7GEsg,7,7,2014,2015,2014,3.5,2.0,4.42857142857,5,2,3.71428571429,0,44.28125
07rzOSTEkjtV-atJeJ37og,13,13,2012,2015,2013,3.25,18.0,4.15384615385,4,4,13.6923076923,0,49.1569824219
0FMQBPGEp3vgf1DIlmoAYg,1,1,2014,2014,2014,1.0,0.0,4.0,4,0,0.0,0,69
mrAxb6M5svnuil6y7x6rJg,1,1,2015,2015,2015,1.0,0.0,1.0,1,0,0.0,0,186
ezNlg8GBVI_9aekJ4yvZ5w,1,1,2015,2015,2015,1.0,0.0,1.0,1,0,0.0,0,128
4YeUVLgLKbJuDyzz6axABA,1,1,2013,2013,2013,1.0,0.0,5.0,5,0,0.0,0,49
WqDZdd9P4i9BzQ4e7nHsJA,1,1,2015,2015,2015,1.0,0.0,1.0,1,0,0.0,0,54
s2fEpe8e2a3oI3brNZ93_w,9,9,2014,2015,2014,4.5,7.0,3.33333333333,5,4,32.0,0,50.671875
RTBBR4JQ5iBf4AXsLMruLQ,1,1,2011,2011,2011,1.0,0.0,4.0,4,0,0.0,0,29
vgLPoQdatitD6mvR4mV9bQ,2,2,2015,2015,2015,2.0,0.0,4.0,3,2,2.0,0,123.5
ACejBVr_IUq9wPTnOMpc3Q,1,1,2014,2014,2014,1.0,0.0,1.0,1,0,0.0,0,62
z0N4mzp6dn6XtO7FAxcGbA,2,2,2009,2009,2009,2.0,0.0,4.0,4,0,0.0,0,186.0
Z-v9CiR3qgH4c-MbOiRcmA,1,1,2015,2015,2015,1.0,0.0,1.0,1,0,0.0,0,42
wZihnZfRRzeF8ZsknZ7FUQ,1,1,2015,2015,2015,1.0,0.0,5.0,5,0,0.0,0,49
dm_V7mGbrDNDfeyBnok1KA,2,2,2014,2014,2014,2.0,0.0,4.0,3,2,2.0,0,76.5
5XM_hu8oLqmRhcy3gM_ZeA,12,12,2010,2011,2010,6.0,5.0,3.91666666667,5,4,24.9166666667,0,52.9267578125
LfG3lQummDcADb6LYW8ICQ,1,1,2009,2009,2009,1.0,0.0,5.0,5,0,0.0,0,206
7d-BMP4cBsksRooK8CJu2Q,3,3,2013,2014,2013,1.5,2.0,3.0,2,3,6.0,0,254.5
hIKYb3lMMPk0QnF7XqHNMg,1,1,2015,2015,2015,1.0,0.0,5.0,5,0,0.0,0,20
aSgcPWTlYqiQFR4I9TsigA,1,1,2014,2014,2014,1.0,0.0,1.0,1,0,0.0,0,16
h48dpDBUuJ910V99M9dwcw,2,2,2013,2015,2014,0.666666666667,2.0,5.0,5,0,0.0,0,76.5
hppxPgpuqvX9Ue9IeA4EBg,11,11,2012,2014,2012,3.66666666667,6.0,3.0,4,4,20.0,0,117.172851562
4Kr2kTvsVqR7jHPhYBstOw,1,1,2012,2012,2012,1.0,0.0,1.0,1,0,0.0,0,67
LisHypvCAK5LwA9O1uAKVA,1,1,2008,2008,2008,1.0,0.0,5.0,5,0,0.0,0,14
L224C7yMRN7prvqzEvoVbA,1,1,2014,2014,2014,1.0,0.0,5.0,5,0,0.0,0,33
Fn75e4dSdf7JohiW68pWdw,1,1,2015,2015,2015,1.0,0.0,5.0,5,0,0.0,0,18
DiYeEXNHa_FUkjCg7Evp9g,1,1,2014,2014,2014,1.0,0.0,1.0,1,0,0.0,0,86
gb7-BO9FZMKNtLUHmLWuRA,2,2,2013,2014,2013,1.0,1.0,5.0,5,0,0.0,0,79.0
wc-_PKXchSrQOUHpXf6GsQ,12,12,2011,2012,2011,6.0,8.0,3.66666666667,4,4,20.6666666667,0,82.7368164062
-CfCrlRRgk1gITAy-zFzoA,2,2,2011,2012,2011,1.0,1.0,4.0,3,2,2.0,0,57.0
61vvcgF7SwRwq5S6YlzzDg,1,1,2014,2014,2014,1.0,0.0,1.0,1,0,0.0,0,182
0iBKVZ9WAlNZof-7icIQ8A,5,5,2014,2014,2014,5.0,0.0,3.8,5,3,6.8,0,56.1875
jTy9FDKU-YThSdFFJLeYFQ,5,5,2012,2015,2012,1.25,9.0,5.0,5,0,0.0,0,70.25
zAUCwh1WhmGoDfEDMYgXEg,2,2,2011,2013,2012,0.666666666667,2.0,4.0,3,2,2.0,0,90.0
SgjSujGJp8MM93Tjx3BDmg,7,7,2013,2015,2013,2.33333333333,4.0,2.28571428571,1,4,21.4285714286,0,152.453125
l2QghUiQrlsCYv8otEhxlg,1,1,2015,2015,2015,1.0,0.0,1.0,1,0,0.0,0,125
TcjivwZPgSR3njD64m0ZZA,1,1,2011,2011,2011,1.0,0.0,1.0,1,0,0.0,0,56
HYrAzAuhK_SoVVrbRrx3kg,1,1,2014,2014,2014,1.0,0.0,5.0,5,0,0.0,0,84
1R-eQAFJcYvlg9jZi_QfMQ,1,1,2011,2011,2011,1.0,0.0,1.0,1,0,0.0,0,88
JuUmrnVxteVmwfPrh-o_Nw,3,3,2015,2015,2015,3.0,0.0,5.0,5,0,0.0,0,18.75
j_r46QJJGt_AjgD906eRUA,1,1,2015,2015,2015,1.0,0.0,1.0,1,0,0.0,0,129
IIaMR0bBRcoBoDOB3UpDYw,1,1,2015,2015,2015,1.0,0.0,1.0,1,0,0.0,0,81
weEdnKGPdImDeEWgPNfEGQ,2,2,2014,2015,2014,1.0,1.0,5.0,5,0,0.0,0,117.5
i5x81gsCdzg8_HIeX96DDA,5,5,2013,2015,2014,1.66666666667,4.0,3.4,5,4,19.2,0,267.75
jv9monaBCfX84LIW5gFs2w,2,2,2012,2012,2012,2.0,0.0,3.0,1,4,8.0,0,79.5
uxYE8sKCz6aOAyTrWZHdQg,2,2,2015,2015,2015,2.0,0.0,5.0,5,0,0.0,0,81.5
Qp7YGjCHXRy4hB_wiTpRyQ,2,2,2015,2015,2015,2.0,0.0,2.0,1,2,2.0,0,245.5
_o6fNFy5w7SbpSV5YhoJBQ,1,1,2015,2015,2015,1.0,0.0,5.0,5,0,0.0,0,78
GFyawmjyGibAGGEEJMhZ7Q,1,1,2015,2015,2015,1.0,0.0,1.0,1,0,0.0,0,155
Rt_p2FGHLZ7kBJ9VzIw7Qg,1,1,2013,2013,2013,1.0,0.0,5.0,5,0,0.0,0,220
xoB-K8RQqSCOTjip-P-Mtw,7,7,2013,2013,2013,7.0,0.0,4.0,4,0,0.0,0,71.5
tOr3BOU97j54a8yBCYNUzw,1,1,2015,2015,2015,1.0,0.0,5.0,5,0,0.0,0,58
yWT5OjEgZT4kS2bd5qAelQ,3,3,2015,2015,2015,3.0,0.0,5.0,5,0,0.0,0,195.25
YP1rvOhvZOBpuzNtmABlCA,1,1,2013,2013,2013,1.0,0.0,5.0,5,0,0.0,0,210
3o2S202KUxThUOvnKqmjAg,1,1,2015,2015,2015,1.0,0.0,4.0,4,0,0.0,0,51
r12KGeGcFtQRfrtaZXgVdQ,3,3,2015,2015,2015,3.0,0.0,2.0,1,3,6.0,0,429.0
ogfNFC5XPzJMFXAkZScNkg,3,3,2006,2010,2007,0.6,11.0,3.0,4,3,6.0,0,121.0
hE9AJ95DCipJDyta1RZqfA,8,8,2013,2013,2013,8.0,0.0,4.375,5,2,3.875,0,169.4375
ZJv52IFW30L1iDLhCDff9g,2,2,2009,2009,2009,2.0,0.0,3.0,1,4,8.0,0,37.5
7LtZQ75v__ZhJklAQc8pww,1,1,2015,2015,2015,1.0,0.0,4.0,4,0,0.0,0,46
qx6wIkhTHScRnzNGzhARPA,78,78,2014,2015,2014,39.0,43.0,3.98717948718,5,4,126.987179487,0,220.676834765
sRHxYvjqatqiWOAgMw8NLw,5,5,2011,2015,2013,1.0,17.0,2.6,1,4,19.2,0,110.75
UpsawlctRpR4pJW_BtNbeg,1,1,2014,2014,2014,1.0,0.0,5.0,5,0,0.0,0,90
howKYngfTIu4NqZGfhufAg,1,1,2015,2015,2015,1.0,0.0,5.0,5,0,0.0,0,65
18KDexc_JmY5ZFcFdb51LA,4,4,2013,2014,2013,2.0,3.0,4.25,5,3,6.75,0,47.875
uDg89Q8suRa0cjC5ftUMTw,1,1,2014,2014,2014,1.0,0.0,5.0,5,0,0.0,0,92
0_fAqkBpqWtcNRYBxqPRBw,21,21,2011,2015,2013,4.2,43.0,3.33333333333,5,4,78.6666666667,0,44.6769580841
CA-gMlc4oaWb-4y8dDwVYA,1,1,2013,2013,2013,1.0,0.0,5.0,5,0,0.0,0,101
1uUzvZGAcvv4UevkrYivcA,1,1,2015,2015,2015,1.0,0.0,5.0,5,0,0.0,0,66
uAUG3Na1S8y3_DNE_5jJZA,1,1,2014,2014,2014,1.0,0.0,5.0,5,0,0.0,0,26
cEGH3Tou8W1aVuGu-ZqZBg,1,1,2015,2015,2015,1.0,0.0,1.0,1,0,0.0,0,99
lmUIlCdh93EukFJmTuVonA,1,1,2013,2013,2013,1.0,0.0,5.0,5,0,0.0,0,59
9-M1LKiLM14f4XYCx_zEPw,1,1,2015,2015,2015,1.0,0.0,5.0,5,0,0.0,0,57
7qZ3K5_LuGofyhKaAoXctg,1,1,2015,2015,2015,1.0,0.0,1.0,1,0,0.0,0,171
6toKZOPm4S_ioxtBy53f7Q,1,1,2014,2014,2014,1.0,0.0,5.0,5,0,0.0,0,104
ZLFU6lyjbSPu8D4bGDBdlQ,4,4,2015,2015,2015,4.0,0.0,3.75,5,4,10.75,0,54.125
pNIBSkkJNe8cLpI45WUGgw,1,1,2010,2010,2010,1.0,0.0,1.0,1,0,0.0,0,170
_vATVA4BYUrExQGFlG2RpA,1,1,2015,2015,2015,1.0,0.0,5.0,5,0,0.0,0,60
2GNLggeTAL5h9tLIXH__NQ,3,3,2012,2012,2012,3.0,0.0,3.66666666667,2,3,4.66666666667,0,174.25
Gi2dY0N9fN5LCXpaer0FhA,9,9,2008,2015,2014,1.125,44.0,2.44444444444,1,4,16.2222222222,0,104.41796875
_u-DmK1f0oKAyU0SAeTZWg,6,6,2015,2015,2015,6.0,0.0,3.83333333333,4,3,4.83333333333,0,197.21875
lV7IavAVcLPtFB5i6kj67Q,4,4,2013,2014,2013,2.0,2.0,4.0,4,2,2.0,0,354.75
8fcbaNndQorMNhOoqmae9w,2,2,2015,2015,2015,2.0,0.0,5.0,5,0,0.0,0,27.5
K_8W_le50ujF-XMDyfIZ8A,1,1,2015,2015,2015,1.0,0.0,3.0,3,0,0.0,0,63
zqtrsxPmpjkweNqxtewODg,1,1,2010,2010,2010,1.0,0.0,4.0,4,0,0.0,0,111
KKK_TKoONPEp7pdwQRY2qw,1,1,2014,2014,2014,1.0,0.0,5.0,5,0,0.0,0,108
MEsICRy15ErNu0sNxel6Tg,2,2,2014,2014,2014,2.0,0.0,4.5,4,1,0.5,0,66.5
PNZ0CbUy6DaSVtJmG16Qlg,3,3,2015,2015,2015,3.0,0.0,5.0,5,0,0.0,0,89.0
99LIm2vc71Bd8ztF8psZbQ,2,2,2013,2013,2013,2.0,0.0,5.0,5,0,0.0,0,101.5
QmeLxU23Syk7Ye7vlE0QQg,4,4,2013,2015,2013,1.33333333333,5.0,4.75,5,1,0.75,0,70.125
R3bK5uPBDgOSO3Bo5NokLw,1,1,2010,2010,2010,1.0,0.0,5.0,5,0,0.0,0,215
29LHPFz1KRyWtLjX0j3sgw,11,11,2015,2015,2015,11.0,0.0,4.36363636364,5,3,14.5454545455,0,149.55078125
JkrmkexOGexsEFL34muIbg,1,1,2011,2011,2011,1.0,0.0,4.0,4,0,0.0,0,34
kYtnAtVF61eIain5AuNzCA,1,1,2015,2015,2015,1.0,0.0,2.0,2,0,0.0,0,99
Kqvfep2mxS10S50FbVDi4Q,501,501,2010,2015,2011,83.5,1755.0,3.76047904192,4,4,255.25748503,0,93.0055383512
Q0MtBbbvhIZVTbHLZCtx5A,2,2,2014,2014,2014,2.0,0.0,3.0,1,4,8.0,0,87.0
iIx4poT7ORxEJ27dmYE4TA,2,2,2012,2013,2012,1.0,1.0,5.0,5,0,0.0,0,41.0
dxaZSMV_0e3xG23XDRWW6w,2,2,2011,2011,2011,2.0,0.0,5.0,5,0,0.0,0,75.0
uMNdPkJACsRLiYk4XAgVRg,1,1,2014,2014,2014,1.0,0.0,1.0,1,0,0.0,0,651
35IoHotj_bjGrIIhYThhSQ,2,2,2014,2014,2014,2.0,0.0,5.0,5,0,0.0,0,21.5
OyGx_yDm6XoVDs_MzYjftQ,7,7,2009,2013,2011,1.4,28.0,3.85714285714,4,3,6.85714285714,0,140.5
5Vy-dgEB3uSzCWf_TFhUbA,3,3,2014,2014,2014,3.0,0.0,5.0,5,0,0.0,0,167.5
sKaay4QWIaI_jXppaKIDHw,2,2,2013,2013,2013,2.0,0.0,4.0,4,0,0.0,0,30.5
ViH0gt7C3NiwYV1OY-AfzA,2,2,2015,2015,2015,2.0,0.0,5.0,5,0,0.0,0,65.5
hEFVQ3opcAvJ3k5OWw5wTw,8,8,2011,2014,2012,2.0,12.0,4.25,5,4,15.5,0,43.765625
2VyrwKFKmwOF7GdNC3Fv6w,2,2,2015,2015,2015,2.0,0.0,5.0,5,0,0.0,0,25.5
RjAkefs5ZtGq737tBK4D4A,1,1,2011,2011,2011,1.0,0.0,4.0,4,0,0.0,0,69
_t4zd7K6vyFj-BkV_1R9Fw,9,9,2013,2013,2013,9.0,0.0,2.55555555556,1,3,14.2222222222,0,17.45703125
5gwgO7RHZf1CaTRb4FanCA,3,3,2009,2010,2009,1.5,2.0,4.0,5,3,6.0,0,170.75
Xm5nbEy9jFMiMvOkAeZHHQ,1,1,2011,2011,2011,1.0,0.0,1.0,1,0,0.0,0,91
k5S2WhU2NjfwZUyrn2JKGg,1,1,2015,2015,2015,1.0,0.0,1.0,1,0,0.0,0,182
pvbDDoMv4GO1KnCWkOyHbw,3,3,2013,2013,2013,3.0,0.0,3.33333333333,4,2,2.66666666667,0,127.25
4QJqbDLgxHkfjGbE783Gzg,2,2,2015,2015,2015,2.0,0.0,2.5,1,3,4.5,0,80.5
eyn7o6_SuZiFKuKFtSMRQA,2,2,2010,2011,2010,1.0,1.0,4.5,4,1,0.5,0,111.5
WYQa-feQEc5nc1tNtMhljw,3,3,2014,2015,2014,1.5,2.0,5.0,5,0,0.0,0,42.0
9JHm1wljQsNWAi_NUM0O3A,1,1,2015,2015,2015,1.0,0.0,5.0,5,0,0.0,0,41
X_JC64AYd4-ANGY5T7MMYQ,3,3,2010,2010,2010,3.0,0.0,4.0,3,2,2.0,0,21.75
zk0SnIEa8ju2iK0mW8ccRQ,29,29,2013,2015,2013,9.66666666667,37.0,2.27586206897,2,3,31.7931034483,0,126.207621403
2Utv49NN4K66o5QywbInNg,1,1,2008,2008,2008,1.0,0.0,1.0,1,0,0.0,0,253
5QskcdNWDy8tbfyAtmtqFQ,12,12,2015,2015,2015,12.0,0.0,1.41666666667,1,4,14.9166666667,0,217.76953125
E5d8rz6QtzNp60fckTyw5Q,1,1,2015,2015,2015,1.0,0.0,5.0,5,0,0.0,0,103
cU1DmXmOZOki28RVjoxT7w,1,1,2012,2012,2012,1.0,0.0,4.0,4,0,0.0,0,64
YLfc-roZcJ3S4vmNM3c0WA,1,1,2013,2013,2013,1.0,0.0,5.0,5,0,0.0,0,36
YPMHjx6QDzGIxnoh-HdzdQ,1,1,2015,2015,2015,1.0,0.0,5.0,5,0,0.0,0,91
igragzufH8c-NzGJxzQVNA,1,1,2014,2014,2014,1.0,0.0,5.0,5,0,0.0,0,40
0oGIW2V7_MFCxrWb9d67Xw,1,1,2015,2015,2015,1.0,0.0,5.0,5,0,0.0,0,53
9ui1cQeQCkguVP9rBOl-Og,1,1,2015,2015,2015,1.0,0.0,4.0,4,0,0.0,0,38
K9aqvI-bGbNRn5Nhk6CLKg,4,4,2007,2014,2010,0.5,26.0,3.25,4,2,2.75,0,65.75
IOjUkwjYe9sP0ejoRtDp5g,1,1,2015,2015,2015,1.0,0.0,5.0,5,0,0.0,0,100
hkqfI5qrPhZweKzPgUnUAw,7,7,2012,2015,2014,1.75,6.0,4.28571428571,4,2,3.42857142857,0,63.34375
6luPPmCHTNW5Utxx4R7_Gw,1,1,2013,2013,2013,1.0,0.0,1.0,1,0,0.0,0,113
tozZlMhBEZBXEQHyFuIO3A,7,7,2012,2012,2012,7.0,0.0,3.0,4,3,8.0,0,42.671875
_Ehd_WDz7v5BdF3aR7VoCA,1,1,2015,2015,2015,1.0,0.0,5.0,5,0,0.0,0,98
QhJAQ2Iy4wZWfyKIWy8mpg,1,1,2014,2014,2014,1.0,0.0,5.0,5,0,0.0,0,132
kLKqLw5ajumfYlioFHrscg,1,1,2012,2012,2012,1.0,0.0,2.0,2,0,0.0,0,184
Hwg7VBIGe6gD2UH0-Y3N9Q,1,1,2014,2014,2014,1.0,0.0,4.0,4,0,0.0,0,17
XWWY_FInjY6l50z91IEKAg,22,22,2009,2014,2009,3.66666666667,37.0,3.59090909091,4,4,37.3181818182,0,147.875644684
HzKfNrNw9FRF1Bc603bdEQ,1,1,2015,2015,2015,1.0,0.0,5.0,5,0,0.0,0,97
z5wcMoxfInoJ9Hcnq4tBMA,1,1,2014,2014,2014,1.0,0.0,5.0,5,0,0.0,0,82
6dEsEfPGyACACB5jbScknA,1,1,2010,2010,2010,1.0,0.0,5.0,5,0,0.0,0,5
5Rvb8b6pEjOP9fsgJjIxiA,1,1,2013,2013,2013,1.0,0.0,5.0,5,0,0.0,0,49
eyydd3q_U7lOc4_P57dYOw,1,1,2013,2013,2013,1.0,0.0,1.0,1,0,0.0,0,17
V0O6VAUZwRoHxOCqv9gqSw,2,2,2014,2014,2014,2.0,0.0,3.0,1,4,8.0,0,60.5
mbqUll7odVOaUNQxjKaOdQ,2,2,2014,2014,2014,2.0,0.0,3.0,1,4,8.0,0,92.5
Xql52X2rE-rjDWj6kz5cKw,1,1,2015,2015,2015,1.0,0.0,4.0,4,0,0.0,0,127
yi8M904Ts4A6dOTTHR9nPA,1,1,2010,2010,2010,1.0,0.0,5.0,5,0,0.0,0,8
uplyUZ3bRAlutalyYlG01Q,1,1,2015,2015,2015,1.0,0.0,5.0,5,0,0.0,0,209
MukPB8ngejXrCdQ2DJjmJQ,3,3,2008,2008,2008,3.0,0.0,3.33333333333,1,4,8.66666666667,0,214.25
bRLlJqMGLd7p0nJW0w1MQQ,1,1,2014,2014,2014,1.0,0.0,4.0,4,0,0.0,0,21
